id,name,rarity,polarity,drain,type,compat,isAugment,set.name,set.size
"abating-link","Abating Link","","","","Mod","","0","",""
"abundant-mutation","Abundant Mutation","","","","Mod","","0","",""
"accelerated-blast","Accelerated Blast","","","","Mod","","0","",""
"accelerated-deflection","Accelerated Deflection","","","","Mod","","0","",""
"accelerated-isotope","Accelerated Isotope","","","","Mod","","0","",""
"accumulating-whipclaw","Accumulating Whipclaw","","","","Mod","","0","",""
"acid-shells","Acid Shells","","","","Mod","","0","",""
"acidic-spittle","Acidic Spittle","","","","Mod","","0","",""
"adaptation","Adaptation","","","","Mod","","0","",""
"adept-surge","Adept Surge","","","","Mod","","0","",""
"adhesive-blast","Adhesive Blast","","","","Mod","","0","",""
"adrenaline-boost","Adrenaline Boost","","","","Mod","","0","",""
"aegis-gale","Aegis Gale","","","","Mod","","0","",""
"aerial-ace","Aerial Ace","","","","Mod","","0","",""
"aerial-bond","Aerial Bond","","","","Mod","","0","",""
"aerial-prospectus","Aerial Prospectus","","","","Mod","","0","",""
"aero-agility","Aero Agility","","","","Mod","","0","",""
"aero-periphery","Aero Periphery","","","","Mod","","0","",""
"aero-vantage","Aero Vantage","","","","Mod","","0","",""
"aerodynamic","Aerodynamic","","","","Upgrades","","0","",""
"afterburn","Afterburn","","","","Mod","","0","",""
"afterburner","Afterburner","","","","Mod","","0","",""
"agile-aim","Agile Aim","","","","Mod","","0","",""
"agility-drift","Agility Drift","","","","Mod","","0","",""
"air-recon","Air Recon","","","","Mod","","0","",""
"air-thrusters","Air Thrusters","","","","Mod","","0","",""
"air-time","Air Time","","","","Mod","","0","",""
"airburst-rounds","Airburst Rounds","","","","Mod","","0","",""
"amalgam-argonak-metal-auger","Amalgam Argonak Metal Auger","","","","Mod","","0","",""
"amalgam-barrel-diffusion","Amalgam Barrel Diffusion","","","","Mod","","0","",""
"amalgam-daikyu-target-acquired","Amalgam Daikyu Target Acquired","","","","Mod","","0","",""
"amalgam-furax-body-count","Amalgam Furax Body Count","","","","Mod","","0","",""
"amalgam-javlok-magazine-warp","Amalgam Javlok Magazine Warp","","","","Mod","","0","",""
"amalgam-organ-shatter","Amalgam Organ Shatter","","","","Mod","","0","",""
"amalgam-ripkas-true-steel","Amalgam Ripkas True Steel","","","","Mod","","0","",""
"amalgam-serration","Amalgam Serration","","","","Mod","","0","",""
"amalgam-shotgun-barrage","Amalgam Shotgun Barrage","","","","Mod","","0","",""
"amar-s-anguish","Amar\'s Anguish","","","","Mod","","0","",""
"amar-s-contempt","Amar\'s Contempt","","","","Mod","","0","",""
"amar-s-hatred","Amar\'s Hatred","","","","Mod","","0","",""
"ambush","Ambush","","","","Mod","","0","",""
"ambush-optics","Ambush Optics","","","","Mod","","0","",""
"ammo-case","Ammo Case","","","","Mod","","0","",""
"ammo-chain","Ammo Chain","","","","Mod","","0","",""
"ammo-drum","Ammo Drum","","","","Mod","","0","",""
"ammo-stock","Ammo Stock","","","","Mod","","0","",""
"anabolic-pollination","Anabolic Pollination","","","","Mod","","0","",""
"anchored-glide","Anchored Glide","","","","Mod","","0","",""
"anemic-agility","Anemic Agility","","","","Mod","","0","",""
"animal-instinct","Animal Instinct","","","","Mod","","0","",""
"anti-flak-plating","Anti-Flak Plating","","","","Mod","","0","",""
"anti-grav-array","Anti-Grav Array","","","","Mod","","0","",""
"anti-grav-grenade","Anti-Grav Grenade","","","","Mod","","0","",""
"anti-v","Anti-V","","","","Mod","","0","",""
"anticipation","Anticipation","","","","Mod","","0","",""
"antimatter-absorb","Antimatter Absorb","","","","Mod","","0","",""
"antimatter-mine","Antimatter Mine","","","","Mod","","0","",""
"antitoxin","Antitoxin","","","","Mod","","0","",""
"apex-predator","Apex Predator","","","","Mod","","0","",""
"arc-coil","Arc Coil","","","","Mod","","0","",""
"archgun-ace","Archgun Ace","","","","Mod","","0","",""
"archon-continuity","Archon Continuity","","","","Mod","","0","",""
"archon-flow","Archon Flow","","","","Mod","","0","",""
"archon-intensify","Archon Intensify","","","","Mod","","0","",""
"archon-stretch","Archon Stretch","","","","Mod","","0","",""
"archon-vitality","Archon Vitality","","","","Mod","","0","",""
"argent-scourge","Argent Scourge","","","","Upgrades","","0","",""
"argon-plating","Argon Plating","","","","Mod","","0","",""
"argon-scope","Argon Scope","","","","Mod","","0","",""
"armored-acrobatics","Armored Acrobatics","","","","Mod","","0","",""
"armored-agility","Armored Agility","","","","Mod","","0","",""
"armored-evade","Armored Evade","","","","Mod","","0","",""
"armored-recovery","Armored Recovery","","","","Mod","","0","",""
"arrow-mutation","Arrow Mutation","","","","Mod","","0","",""
"assassin-posture","Assassin Posture","","","","Upgrades","","0","",""
"assault-mode","Assault Mode","","","","Mod","","0","",""
"assimilate","Assimilate","","","","Mod","","0","",""
"astral-autopsy","Astral Autopsy","","","","Mod","","0","",""
"astral-bond","Astral Bond","","","","Mod","","0","",""
"astral-slash","Astral Slash","","","","Mod","","0","",""
"astral-twilight","Astral Twilight","","","","Upgrades","","0","",""
"atlantis-vulcan","Atlantis Vulcan","","","","Upgrades","","0","",""
"atomic-fallout","Atomic Fallout","","","","Mod","","0","",""
"auger-strike","Auger Strike","","","","Mod","","0","",""
"augur-accord","Augur Accord","","","","Mod","","0","",""
"augur-message","Augur Message","","","","Mod","","0","",""
"augur-pact","Augur Pact","","","","Mod","","0","",""
"augur-reach","Augur Reach","","","","Mod","","0","",""
"augur-secrets","Augur Secrets","","","","Mod","","0","",""
"augur-seeker","Augur Seeker","","","","Mod","","0","",""
"auto-breach","Auto Breach","","","","Mod","","0","",""
"auto-omni","Auto Omni","","","","Mod","","0","",""
"automatic-trigger","Automatic Trigger","","","","Mod","","0","",""
"auxiliary-power","Auxiliary Power","","","","Mod","","0","",""
"avenging-truth","Avenging Truth","","","","Mod","","0","",""
"aviator","Aviator","","","","Mod","","0","",""
"axios-javelineers","Axios Javelineers","","","","Mod","","0","",""
"balanced-posture","Balanced Posture","","","","Upgrades","","0","",""
"balefire-surge","Balefire Surge","","","","Mod","","0","",""
"ballista-measure","Ballista Measure","","","","Mod","","0","",""
"ballistic-bullseye","Ballistic Bullseye","","","","Mod","","0","",""
"bane-of-corpus","Bane of Corpus","","","","Mod","","0","",""
"bane-of-grineer","Bane of Grineer","","","","Mod","","0","",""
"bane-of-infested","Bane of Infested","","","","Mod","","0","",""
"bane-of-orokin","Bane of Orokin","","","","Mod","","0","",""
"bane-of-the-murmur","Bane of The Murmur","","","","Mod","","0","",""
"barrel-diffusion","Barrel Diffusion","","","","Mod","","0","",""
"battering-maneuver","Battering Maneuver","","","","Mod","","0","",""
"beguiling-lantern","Beguiling Lantern","","","","Mod","","0","",""
"bell-ringer","Bell Ringer","","","","Mod","","0","",""
"berserker-fury","Berserker Fury","","","","Mod","","0","",""
"bhisaj-bal","Bhisaj-Bal","","","","Mod","","0","",""
"biotic-rounds","Biotic Rounds","","","","Mod","","0","",""
"bite","Bite","","","","Mod","","0","",""
"biting-frost","Biting Frost","","","","Mod","","0","",""
"biting-piranha","Biting Piranha","","","","Upgrades","","0","",""
"blade-of-truth","Blade of Truth","","","","Mod","","0","",""
"blade-storm","Blade Storm","","","","Upgrades","","0","",""
"bladed-rounds","Bladed Rounds","","","","Mod","","0","",""
"blast-shield","Blast Shield","","","","Mod","","0","",""
"blaze","Blaze","","","","Mod","","0","",""
"blazing-pillage","Blazing Pillage","","","","Mod","","0","",""
"blazing-steel","Blazing Steel","","","","Mod","","0","",""
"bleeding-edge","Bleeding Edge","","","","Mod","","0","",""
"bleeding-willow","Bleeding Willow","","","","Upgrades","","0","",""
"blending-talons","Blending Talons","","","","Mod","","0","",""
"blind-justice","Blind Justice","","","","Upgrades","","0","",""
"blind-rage","Blind Rage","","","","Mod","","0","",""
"blind-shot","Blind Shot","","","","Mod","","0","",""
"blinding-reave","Blinding Reave","","","","Mod","","0","",""
"blood-for-ammo","Blood For Ammo","","","","Mod","","0","",""
"blood-for-energy","Blood For Energy","","","","Mod","","0","",""
"blood-for-life","Blood For Life","","","","Mod","","0","",""
"blood-forge","Blood Forge","","","","Mod","","0","",""
"blood-rush","Blood Rush","","","","Mod","","0","",""
"bloodthirst","Bloodthirst","","","","Mod","","0","",""
"blunderbuss","Blunderbuss","","","","Mod","","0","",""
"body-count","Body Count","","","","Mod","","0","",""
"bomb-the-landin","Bomb The Landin\'","","","","Mod","","0","",""
"bore","Bore","","","","Mod","","0","",""
"boreal-s-anguish","Boreal\'s Anguish","","","","Mod","","0","",""
"boreal-s-contempt","Boreal\'s Contempt","","","","Mod","","0","",""
"boreal-s-hatred","Boreal\'s Hatred","","","","Mod","","0","",""
"botanist","Botanist","","","","Mod","","0","",""
"bounty-hunter","Bounty Hunter","","","","Mod","","0","",""
"brain-storm","Brain Storm","","","","Mod","","0","",""
"breach-loader","Breach Loader","","","","Mod","","0","",""
"brief-respite","Brief Respite","","","","Upgrades","","0","",""
"bright-purity","Bright Purity","","","","Mod","","0","",""
"broad-eye","Broad Eye","","","","Mod","","0","",""
"brutal-tide","Brutal Tide","","","","Upgrades","","0","",""
"brute-conditioning","Brute Conditioning","","","","Mod","","0","",""
"bullet-dance","Bullet Dance","","","","Upgrades","","0","",""
"burdened-magazine","Burdened Magazine","","","","Mod","","0","",""
"burning-claws","Burning Claws","","","","Mod","","0","",""
"burning-hate","Burning Hate","","","","Mod","","0","",""
"burning-wasp","Burning Wasp","","","","Upgrades","","0","",""
"bursting-mass","Bursting Mass","","","","Mod","","0","",""
"butcher-s-revelry","Butcher\'s Revelry","","","","Upgrades","","0","",""
"buzz-kill","Buzz Kill","","","","Mod","","0","",""
"byteryte","ByteRyte","","","","Mod","","0","",""
"calculated-redirection","Calculated Redirection","","","","Mod","","0","",""
"calculated-shot","Calculated Shot","","","","Mod","","0","",""
"calculated-spring","Calculated Spring","","","","Mod","","0","",""
"calculated-victory","Calculated Victory","","","","Mod","","0","",""
"calm-frenzy","Calm & Frenzy","","","","Mod","","0","",""
"capacitance","Capacitance","","","","Mod","","0","",""
"carnis-carapace","Carnis Carapace","","","","Mod","","0","",""
"carnis-mandible","Carnis Mandible","","","","Mod","","0","",""
"carnis-stinger","Carnis Stinger","","","","Mod","","0","",""
"carving-mantis","Carving Mantis","","","","Upgrades","","0","",""
"cat-s-eye","Cat\'s Eye","","","","Mod","","0","",""
"cataclysmic-continuum","Cataclysmic Continuum","","","","Mod","","0","",""
"cataclysmic-gate","Cataclysmic Gate","","","","Mod","","0","",""
"catalyzer-link","Catalyzer Link","","","","Mod","","0","",""
"catalyzing-shields","Catalyzing Shields","","","","Mod","","0","",""
"catapult","Catapult","","","","Mod","","0","",""
"cathode-current","Cathode Current","","","","Mod","","0","",""
"cautious-shot","Cautious Shot","","","","Mod","","0","",""
"celestial-nightfall","Celestial Nightfall","","","","Upgrades","","0","",""
"celestial-stomp","Celestial Stomp","","","","Mod","","0","",""
"champion-s-blessing","Champion\'s Blessing","","","","Mod","","0","",""
"chaos-sphere","Chaos Sphere","","","","Mod","","0","",""
"charged-bullets","Charged Bullets","","","","Mod","","0","",""
"charged-chamber","Charged Chamber","","","","Mod","","0","",""
"charged-shell","Charged Shell","","","","Mod","","0","",""
"charm","Charm","","","","Mod","","0","",""
"chilling-claws","Chilling Claws","","","","Mod","","0","",""
"chilling-globe","Chilling Globe","","","","Mod","","0","",""
"chilling-grasp","Chilling Grasp","","","","Mod","","0","",""
"chilling-reload","Chilling Reload","","","","Mod","","0","",""
"chromatic-blade","Chromatic Blade","","","","Mod","","0","",""
"clashing-forest","Clashing Forest","","","","Upgrades","","0","",""
"cleanse-corpus","Cleanse Corpus","","","","Mod","","0","",""
"cleanse-grineer","Cleanse Grineer","","","","Mod","","0","",""
"cleanse-infested","Cleanse Infested","","","","Mod","","0","",""
"cleanse-orokin","Cleanse Orokin","","","","Mod","","0","",""
"cleanse-the-murmur","Cleanse The Murmur","","","","Mod","","0","",""
"cleaving-whirlwind","Cleaving Whirlwind","","","","Upgrades","","0","",""
"clip-delegation","Clip Delegation","","","","Mod","","0","",""
"coaction-drift","Coaction Drift","","","","Mod","","0","",""
"coil-recharge","Coil Recharge","","","","Mod","","0","",""
"coiling-viper","Coiling Viper","","","","Upgrades","","0","",""
"cold-arrival","Cold Arrival","","","","Mod","","0","",""
"cold-snap","Cold Snap","","","","Mod","","0","",""
"collision-force","Collision Force","","","","Mod","","0","",""
"combat-discipline","Combat Discipline","","","","Upgrades","","0","",""
"combat-reload","Combat Reload","","","","Mod","","0","",""
"combo-fury","Combo Fury","","","","Mod","","0","",""
"combo-killer","Combo Killer","","","","Mod","","0","",""
"combustion-beam","Combustion Beam","","","","Mod","","0","",""
"combustion-rounds","Combustion Rounds","","","","Mod","","0","",""
"comet-blast","Comet Blast","","","","Mod","","0","",""
"comet-rounds","Comet Rounds","","","","Mod","","0","",""
"computer-cop","Computer Cop","","","","Mod","","0","",""
"concealed-explosives","Concealed Explosives","","","","Mod","","0","",""
"concentrated-arrow","Concentrated Arrow","","","","Mod","","0","",""
"concussion-rounds","Concussion Rounds","","","","Mod","","0","",""
"condition-overload","Condition Overload","","","","Mod","","0","",""
"condition-s-perfection","Condition\'s Perfection","","","","Mod","","0","",""
"conductive-blade","Conductive Blade","","","","Mod","","0","",""
"conductive-sphere","Conductive Sphere","","","","Mod","","0","",""
"conductor","Conductor","","","","Mod","","0","",""
"constitution","Constitution","","","","Mod","","0","",""
"contagion-cloud","Contagion Cloud","","","","Mod","","0","",""
"contagious-bond","Contagious Bond","","","","Mod","","0","",""
"contagious-spread","Contagious Spread","","","","Mod","","0","",""
"containment-breach","Containment Breach","","","","Mod","","0","",""
"contamination-casing","Contamination Casing","","","","Mod","","0","",""
"continuity","Continuity","","","","Mod","","0","",""
"continuous-misery","Continuous Misery","","","","Mod","","0","",""
"controlled-slide","Controlled Slide","","","","Mod","","0","",""
"convulsion","Convulsion","","","","Mod","","0","",""
"coolant-leak","Coolant Leak","","","","Mod","","0","",""
"cordon","Cordon","","","","Mod","","0","",""
"corrosive-projection","Corrosive Projection","","","","Upgrades","","0","",""
"corrupt-charge","Corrupt Charge","","","","Mod","","0","",""
"counter-pulse","Counter Pulse","","","","Mod","","0","",""
"counterbalance","Counterbalance","","","","Mod","","0","",""
"counterweight","Counterweight","","","","Mod","","0","",""
"covert-bond","Covert Bond","","","","Mod","","0","",""
"covert-lethality","Covert Lethality","","","","Mod","","0","",""
"crash-course","Crash Course","","","","Mod","","0","",""
"crash-shot","Crash Shot","","","","Mod","","0","",""
"crashing-havoc","Crashing Havoc","","","","Upgrades","","0","",""
"crashing-timber","Crashing Timber","","","","Upgrades","","0","",""
"creeping-bullseye","Creeping Bullseye","","","","Mod","","0","",""
"creeping-terrify","Creeping Terrify","","","","Mod","","0","",""
"crescent-charge","Crescent Charge","","","","Mod","","0","",""
"crescent-devolution","Crescent Devolution","","","","Mod","","0","",""
"crimson-dervish","Crimson Dervish","","","","Upgrades","","0","",""
"critical-deceleration","Critical Deceleration","","","","Mod","","0","",""
"critical-delay","Critical Delay","","","","Mod","","0","",""
"critical-focus","Critical Focus","","","","Mod","","0","",""
"critical-meltdown","Critical Meltdown","","","","Mod","","0","",""
"critical-mutation","Critical Mutation","","","","Mod","","0","",""
"critical-precision","Critical Precision","","","","Mod","","0","",""
"critical-surge","Critical Surge","","","","Mod","","0","",""
"crossing-snakes","Crossing Snakes","","","","Upgrades","","0","",""
"crowd-dispersion","Crowd Dispersion","","","","Mod","","0","",""
"crushing-ruin","Crushing Ruin","","","","Upgrades","","0","",""
"cryo-coating","Cryo Coating","","","","Mod","","0","",""
"cryo-grenades","Cryo Grenades","","","","Upgrades","","0","",""
"cryo-rounds","Cryo Rounds","","","","Mod","","0","",""
"cull-the-weak","Cull the Weak","","","","Mod","","0","",""
"cunning-aspect","Cunning Aspect","","","","Upgrades","","0","",""
"cunning-drift","Cunning Drift","","","","Mod","","0","",""
"cutting-edge","Cutting Edge","","","","Mod","","0","",""
"cyclone-kraken","Cyclone Kraken","","","","Upgrades","","0","",""
"damage-decoy","Damage Decoy","","","","Mod","","0","",""
"damzav-vati","Damzav-Vati","","","","Mod","","0","",""
"dark-propagation","Dark Propagation","","","","Mod","","0","",""
"dead-eye","Dead Eye","","","","Upgrades","","0","",""
"deadly-efficiency","Deadly Efficiency","","","","Mod","","0","",""
"deadly-maneuvers","Deadly Maneuvers","","","","Mod","","0","",""
"deadly-sequence","Deadly Sequence","","","","Mod","","0","",""
"deceptive-bond","Deceptive Bond","","","","Mod","","0","",""
"decisive-judgement","Decisive Judgement","","","","Upgrades","","0","",""
"deep-freeze","Deep Freeze","","","","Mod","","0","",""
"defiled-reckoning","Defiled Reckoning","","","","Mod","","0","",""
"defiled-requiem-mods","DEFILED REQUIEM MODS","","","","","","0","",""
"defiled-snapdragon","Defiled Snapdragon","","","","Upgrades","","0","",""
"deft-tempo","Deft Tempo","","","","Mod","","0","",""
"depleted-reload","Depleted Reload","","","","Mod","","0","",""
"desiccation-s-curse","Desiccation\'s Curse","","","","Mod","","0","",""
"despoil","Despoil","","","","Mod","","0","",""
"detect-vulnerability","Detect Vulnerability","","","","Mod","","0","",""
"diamond-skin","Diamond Skin","","","","Mod","","0","",""
"dig","Dig","","","","Mod","","0","",""
"directed-convergence","Directed Convergence","","","","Mod","","0","",""
"disabling-conditioning","Disabling Conditioning","","","","Mod","","0","",""
"disarming-purity","Disarming Purity","","","","Mod","","0","",""
"discharge-strike","Discharge Strike","","","","Mod","","0","",""
"discipline-s-merit","Discipline\'s Merit","","","","Mod","","0","",""
"dispatch-overdrive","Dispatch Overdrive","","","","Mod","","0","",""
"disruptor","Disruptor","","","","Mod","","0","",""
"diversified-denial","Diversified Denial","","","","Mod","","0","",""
"dividing-blades","Dividing Blades","","","","Upgrades","","0","",""
"divine-retribution","Divine Retribution","","","","Mod","","0","",""
"dizzying-rounds","Dizzying Rounds","","","","Mod","","0","",""
"double-tap","Double Tap","","","","Mod","","0","",""
"double-barrel-drift","Double-Barrel Drift","","","","Mod","","0","",""
"draining-bite","Draining Bite","","","","Mod","","0","",""
"draining-gloom","Draining Gloom","","","","Mod","","0","",""
"dread-ward","Dread Ward","","","","Mod","","0","",""
"dreamer-s-bond","Dreamer\'s Bond","","","","Upgrades","","0","",""
"dreamer-s-wrath","Dreamer\'s Wrath","","","","Mod","","0","",""
"drifting-contact","Drifting Contact","","","","Mod","","0","",""
"drive-duster","Drive-Duster","","","","Mod","","0","",""
"dual-rounds","Dual Rounds","","","","Mod","","0","",""
"duality","Duality","","","","Mod","","0","",""
"duplex-bond","Duplex Bond","","","","Mod","","0","",""
"eagle-eye","Eagle Eye","","","","Mod","","0","",""
"efficient-beams","Efficient Beams","","","","Mod","","0","",""
"efficient-transferral","Efficient Transferral","","","","Mod","","0","",""
"eject-magazine","Eject Magazine","","","","Mod","","0","",""
"electrified-barrel","Electrified Barrel","","","","Mod","","0","",""
"electro-pulse","Electro Pulse","","","","Mod","","0","",""
"electromagnetic-shielding","Electromagnetic Shielding","","","","Mod","","0","",""
"elemental-sandstorm","Elemental Sandstorm","","","","Mod","","0","",""
"eleventh-storm","Eleventh Storm","","","","Upgrades","","0","",""
"elusive-posture","Elusive Posture","","","","Upgrades","","0","",""
"elusive-retribution","Elusive Retribution","","","","Mod","","0","",""
"embedded-catalyzer","Embedded Catalyzer","","","","Mod","","0","",""
"emergent-aftermath","Emergent Aftermath","","","","Mod","","0","",""
"emp-aura","EMP Aura","","","","Upgrades","","0","",""
"empowered-blades","Empowered Blades","","","","Upgrades","","0","",""
"empowered-quiver","Empowered Quiver","","","","Mod","","0","",""
"endless-lullaby","Endless Lullaby","","","","Mod","","0","",""
"endoparasitic-vector","Endoparasitic Vector","","","","Mod","","0","",""
"endurance-drift","Endurance Drift","","","","Mod","","0","",""
"enduring-affliction","Enduring Affliction","","","","Mod","","0","",""
"enduring-strike","Enduring Strike","","","","Mod","","0","",""
"enemy-radar","Enemy Radar","","","","Upgrades","","0","",""
"enemy-sense","Enemy Sense","","","","Mod","","0","",""
"energizing-shot","Energizing Shot","","","","Mod","","0","",""
"energy-amplifier","Energy Amplifier","","","","Mod","","0","",""
"energy-channel","Energy Channel","","","","Mod","","0","",""
"energy-conversion","Energy Conversion","","","","Mod","","0","",""
"energy-field","Energy Field","","","","Mod","","0","",""
"energy-generator","Energy Generator","","","","Mod","","0","",""
"energy-inversion","Energy Inversion","","","","Mod","","0","",""
"energy-nexus","Energy Nexus","","","","Mod","","0","",""
"energy-siphon","Energy Siphon","","","","Upgrades","","0","",""
"energy-transfer","Energy Transfer","","","","Mod","","0","",""
"enhanced-durability","Enhanced Durability","","","","Mod","","0","",""
"enhanced-vitality","Enhanced Vitality","","","","Mod","","0","",""
"enraged","Enraged","","","","Mod","","0","",""
"entropy-burst","Entropy Burst","","","","Mod","","0","",""
"entropy-detonation","Entropy Detonation","","","","Mod","","0","",""
"entropy-flight","Entropy Flight","","","","Mod","","0","",""
"entropy-spike","Entropy Spike","","","","Mod","","0","",""
"enveloping-cloud","Enveloping Cloud","","","","Mod","","0","",""
"equilibrium","Equilibrium","","","","Mod","","0","",""
"equilibrium-audit","Equilibrium Audit","","","","Mod","","0","",""
"eroding-blight","Eroding Blight","","","","Mod","","0","",""
"escape-velocity","Escape Velocity","","","","Mod","","0","",""
"eternal-war","Eternal War","","","","Mod","","0","",""
"evasive-denial","Evasive Denial","","","","Mod","","0","",""
"everlasting-ward","Everlasting Ward","","","","Mod","","0","",""
"exalted-blade","Exalted Blade","","","","Upgrades","","0","",""
"eximus-advantage","Eximus Advantage","","","","Mod","","0","",""
"exothermic","Exothermic","","","","Mod","","0","",""
"expel-corpus","Expel Corpus","","","","Mod","","0","",""
"expel-grineer","Expel Grineer","","","","Mod","","0","",""
"expel-infested","Expel Infested","","","","Mod","","0","",""
"expel-orokin","Expel Orokin","","","","Mod","","0","",""
"expel-the-murmur","Expel The Murmur","","","","Mod","","0","",""
"explosive-demise","Explosive Demise","","","","Mod","","0","",""
"explosive-legerdemain","Explosive Legerdemain","","","","Mod","","0","",""
"exposing-harpoon","Exposing Harpoon","","","","Mod","","0","",""
"extend","Extend","","","","Mod","","0","",""
"extreme-velocity","Extreme Velocity","","","","Mod","","0","",""
"failsafe","Failsafe","","","","Mod","","0","",""
"fanged-fusillade","Fanged Fusillade","","","","Mod","","0","",""
"fass","Fass","","","","Mod","","0","",""
"fass-canticle","Fass Canticle","","","","Mod","","0","",""
"fast-deflection","Fast Deflection","","","","Mod","","0","",""
"fast-hands","Fast Hands","","","","Mod","","0","",""
"fatal-acceleration","Fatal Acceleration","","","","Mod","","0","",""
"fatal-attraction","Fatal Attraction","","","","Mod","","0","",""
"fateful-truth","Fateful Truth","","","","Upgrades","","0","",""
"fear-sense","Fear Sense","","","","Mod","","0","",""
"feathered-arrows","Feathered Arrows","","","","Mod","","0","",""
"ferocity","Ferocity","","","","Mod","","0","",""
"fetch","Fetch","","","","Mod","","0","",""
"fever-strike","Fever Strike","","","","Mod","","0","",""
"final-act","Final Act","","","","Mod","","0","",""
"final-harbinger","Final Harbinger","","","","Upgrades","","0","",""
"final-tap","Final Tap","","","","Mod","","0","",""
"finishing-touch","Finishing Touch","","","","Mod","","0","",""
"fireball-frenzy","Fireball Frenzy","","","","Mod","","0","",""
"fired-up","Fired Up","","","","Mod","","0","",""
"firestorm","Firestorm","","","","Mod","","0","",""
"firewalker","Firewalker","","","","Mod","","0","",""
"firewall","Firewall","","","","Mod","","0","",""
"flailing-branch","Flailing Branch","","","","Upgrades","","0","",""
"flak-shot","Flak Shot","","","","Mod","","0","",""
"flame-gland","Flame Gland","","","","Mod","","0","",""
"flame-repellent","Flame Repellent","","","","Mod","","0","",""
"flechette","Flechette","","","","Mod","","0","",""
"fleeting-expertise","Fleeting Expertise","","","","Mod","","0","",""
"flow","Flow","","","","Mod","","0","",""
"flux-overdrive","Flux Overdrive","","","","Mod","","0","",""
"focus-energy","Focus Energy","","","","Mod","","0","",""
"focus-radon","Focus Radon","","","","Mod","","0","",""
"focused-acceleration","Focused Acceleration","","","","Mod","","0","",""
"focused-defense","Focused Defense","","","","Mod","","0","",""
"focused-prospectus","Focused Prospectus","","","","Mod","","0","",""
"follow-through","Follow Through","","","","Mod","","0","",""
"fomorian-accelerant","Fomorian Accelerant","","","","Mod","","0","",""
"fortitude","Fortitude","","","","Mod","","0","",""
"four-riders","Four Riders","","","","Upgrades","","0","",""
"fracturing-crush","Fracturing Crush","","","","Mod","","0","",""
"fracturing-wind","Fracturing Wind","","","","Upgrades","","0","",""
"frail-momentum","Frail Momentum","","","","Mod","","0","",""
"freeze-force","Freeze Force","","","","Mod","","0","",""
"frenzied-posture","Frenzied Posture","","","","Upgrades","","0","",""
"frigid-blast","Frigid Blast","","","","Mod","","0","",""
"frost-jaw","Frost Jaw","","","","Mod","","0","",""
"frostbite","Frostbite","","","","Mod","","0","",""
"full-capacity","Full Capacity","","","","Mod","","0","",""
"full-contact","Full Contact","","","","Mod","","0","",""
"fulmination","Fulmination","","","","Mod","","0","",""
"funnel-clouds","Funnel Clouds","","","","Mod","","0","",""
"furious-javelin","Furious Javelin","","","","Mod","","0","",""
"furor","Furor","","","","Mod","","0","",""
"fury","Fury","","","","Mod","","0","",""
"fused-crucible","Fused Crucible","","","","Mod","","0","",""
"fused-reservoir","Fused Reservoir","","","","Mod","","0","",""
"gaia-s-tragedy","Gaia\'s Tragedy","","","","Upgrades","","0","",""
"gale-kick","Gale Kick","","","","Mod","","0","",""
"galeforce-dawn","Galeforce Dawn","","","","Upgrades","","0","",""
"galvanized-acceleration","Galvanized Acceleration","","","","Mod","","0","",""
"galvanized-aptitude","Galvanized Aptitude","","","","Mod","","0","",""
"galvanized-chamber","Galvanized Chamber","","","","Mod","","0","",""
"galvanized-crosshairs","Galvanized Crosshairs","","","","Mod","","0","",""
"galvanized-diffusion","Galvanized Diffusion","","","","Mod","","0","",""
"galvanized-elementalist","Galvanized Elementalist","","","","Mod","","0","",""
"galvanized-hell","Galvanized Hell","","","","Mod","","0","",""
"galvanized-reflex","Galvanized Reflex","","","","Mod","","0","",""
"galvanized-savvy","Galvanized Savvy","","","","Mod","","0","",""
"galvanized-scope","Galvanized Scope","","","","Mod","","0","",""
"galvanized-shot","Galvanized Shot","","","","Mod","","0","",""
"galvanized-steel","Galvanized Steel","","","","Mod","","0","",""
"gastro","Gastro","","","","Mod","","0","",""
"gemini-cross","Gemini Cross","","","","Upgrades","","0","",""
"ghost","Ghost","","","","Mod","","0","",""
"gilded-truth","Gilded Truth","","","","Mod","","0","",""
"glacial-edge","Glacial Edge","","","","Mod","","0","",""
"gladiator-aegis","Gladiator Aegis","","","","Mod","","0","",""
"gladiator-finesse","Gladiator Finesse","","","","Mod","","0","",""
"gladiator-might","Gladiator Might","","","","Mod","","0","",""
"gladiator-resolve","Gladiator Resolve","","","","Mod","","0","",""
"gladiator-rush","Gladiator Rush","","","","Mod","","0","",""
"gladiator-vice","Gladiator Vice","","","","Mod","","0","",""
"gleaming-blight","Gleaming Blight","","","","Mod","","0","",""
"gleaming-talon","Gleaming Talon","","","","Upgrades","","0","",""
"gnashing-payara","Gnashing Payara","","","","Upgrades","","0","",""
"gorgon-frenzy","Gorgon Frenzy","","","","Mod","","0","",""
"gourmand","Gourmand","","","","Mod","","0","",""
"greedy-pull","Greedy Pull","","","","Mod","","0","",""
"grim-fury","Grim Fury","","","","Upgrades","","0","",""
"grinloked","Grinloked","","","","Mod","","0","",""
"growing-power","Growing Power","","","","Upgrades","","0","",""
"guardian","Guardian","","","","Mod","","0","",""
"guardian-armor","Guardian Armor","","","","Mod","","0","",""
"guardian-derision","Guardian Derision","","","","Mod","","0","",""
"guided-effigy","Guided Effigy","","","","Mod","","0","",""
"guided-ordnance","Guided Ordnance","","","","Mod","","0","",""
"gun-glide","Gun Glide","","","","Mod","","0","",""
"gunslinger","Gunslinger","","","","Mod","","0","",""
"hall-of-malevolence","Hall of Malevolence","","","","Mod","","0","",""
"hallowed-eruption","Hallowed Eruption","","","","Mod","","0","",""
"hallowed-reckoning","Hallowed Reckoning","","","","Mod","","0","",""
"hammer-shot","Hammer Shot","","","","Mod","","0","",""
"handspring","Handspring","","","","Mod","","0","",""
"hard-engage","Hard Engage","","","","Mod","","0","",""
"hard-reset","Hard Reset","","","","Mod","","0","",""
"harkonar-scope","Harkonar Scope","","","","Mod","","0","",""
"hastened-deflection","Hastened Deflection","","","","Mod","","0","",""
"hastened-steps","Hastened Steps","","","","Mod","","0","",""
"hata-satya","Hata-Satya","","","","Mod","","0","",""
"hawk-eye","Hawk Eye","","","","Mod","","0","",""
"healing-flame","Healing Flame","","","","Mod","","0","",""
"healing-return","Healing Return","","","","Mod","","0","",""
"health-conversion","Health Conversion","","","","Mod","","0","",""
"heartseeker","Heartseeker","","","","Mod","","0","",""
"hearty-nourishment","Hearty Nourishment","","","","Mod","","0","",""
"heated-charge","Heated Charge","","","","Mod","","0","",""
"heavy-caliber","Heavy Caliber","","","","Mod","","0","",""
"heavy-impact","Heavy Impact","","","","Mod","","0","",""
"heavy-trauma","Heavy Trauma","","","","Mod","","0","",""
"heavy-warhead","Heavy Warhead","","","","Mod","","0","",""
"heightened-reflexes","Heightened Reflexes","","","","Mod","","0","",""
"hell-s-chamber","Hell\'s Chamber","","","","Mod","","0","",""
"hellfire","Hellfire","","","","Mod","","0","",""
"hemorrhage","Hemorrhage","","","","Mod","","0","",""
"high-noon","High Noon","","","","Upgrades","","0","",""
"high-voltage","High Voltage","","","","Mod","","0","",""
"hit-and-run","Hit And Run","","","","Mod","","0","",""
"hollow-point","Hollow Point","","","","Mod","","0","",""
"hollowed-bullets","Hollowed Bullets","","","","Mod","","0","",""
"holster-amp","Holster Amp","","","","Upgrades","","0","",""
"homing-fang","Homing Fang","","","","Upgrades","","0","",""
"hornet-strike","Hornet Strike","","","","Mod","","0","",""
"howl","Howl","","","","Mod","","0","",""
"hunt","Hunt","","","","Mod","","0","",""
"hunter-adrenaline","Hunter Adrenaline","","","","Mod","","0","",""
"hunter-command","Hunter Command","","","","Mod","","0","",""
"hunter-munitions","Hunter Munitions","","","","Mod","","0","",""
"hunter-recovery","Hunter Recovery","","","","Mod","","0","",""
"hunter-synergy","Hunter Synergy","","","","Mod","","0","",""
"hunter-track","Hunter Track","","","","Mod","","0","",""
"hunter-s-bonesaw","Hunter\'s Bonesaw","","","","Mod","","0","",""
"hush","Hush","","","","Mod","","0","",""
"hushed-invisibility","Hushed Invisibility","","","","Mod","","0","",""
"hydraulic-barrel","Hydraulic Barrel","","","","Mod","","0","",""
"hydraulic-chamber","Hydraulic Chamber","","","","Mod","","0","",""
"hydraulic-crosshairs","Hydraulic Crosshairs","","","","Mod","","0","",""
"hydraulic-gauge","Hydraulic Gauge","","","","Mod","","0","",""
"hyperion-thrusters","Hyperion Thrusters","","","","Mod","","0","",""
"hypothermic-shell","Hypothermic Shell","","","","Mod","","0","",""
"hysteria","Hysteria","","","","Upgrades","","0","",""
"hysterical-assault","Hysterical Assault","","","","Mod","","0","",""
"hysterical-fixation","Hysterical Fixation","","","","Mod","","0","",""
"iatric-mycelium","Iatric Mycelium","","","","Mod","","0","",""
"ice-spring","Ice Spring","","","","Mod","","0","",""
"ice-storm","Ice Storm","","","","Mod","","0","",""
"ice-wave-impedance","Ice Wave Impedance","","","","Mod","","0","",""
"icy-avalanche","Icy Avalanche","","","","Mod","","0","",""
"immolated-radiance","Immolated Radiance","","","","Mod","","0","",""
"immunity-resistance","Immunity Resistance","","","","Mod","","0","",""
"immuno-shield","Immuno Shield","","","","Mod","","0","",""
"impaler-munitions","Impaler Munitions","","","","Mod","","0","",""
"impenetrable-offense","Impenetrable Offense","","","","Mod","","0","",""
"incendiary-coat","Incendiary Coat","","","","Mod","","0","",""
"inertia-dampeners","Inertia Dampeners","","","","Mod","","0","",""
"infected-clip","Infected Clip","","","","Mod","","0","",""
"infectious-bite","Infectious Bite","","","","Mod","","0","",""
"infectious-injection","Infectious Injection","","","","Mod","","0","",""
"infested-impedance","Infested Impedance","","","","Upgrades","","0","",""
"infiltrate","Infiltrate","","","","Mod","","0","",""
"insatiable","Insatiable","","","","Mod","","0","",""
"instant-secure","Instant Secure","","","","Mod","","0","",""
"insulation","Insulation","","","","Mod","","0","",""
"intensify","Intensify","","","","Mod","","0","",""
"internal-bleeding","Internal Bleeding","","","","Mod","","0","",""
"intrepid-stand","Intrepid Stand","","","","Mod","","0","",""
"intruder","Intruder","","","","Mod","","0","",""
"investigator","Investigator","","","","Mod","","0","",""
"ion-infusion","Ion Infusion","","","","Mod","","0","",""
"iron-phoenix","Iron Phoenix","","","","Upgrades","","0","",""
"iron-shrapnel","Iron Shrapnel","","","","Mod","","0","",""
"ironclad-charge","Ironclad Charge","","","","Mod","","0","",""
"ironclad-flight","Ironclad Flight","","","","Mod","","0","",""
"irradiating-disarm","Irradiating Disarm","","","","Mod","","0","",""
"jade-s-judgment","Jade\'s Judgment","","","","Mod","","0","",""
"jagged-edge","Jagged Edge","","","","Mod","","0","",""
"jahu","Jahu","","","","Mod","","0","",""
"jahu-canticle","Jahu Canticle","","","","Mod","","0","",""
"jet-stream","Jet Stream","","","","Mod","","0","",""
"jolt","Jolt","","","","Mod","","0","",""
"jugulus-barbs","Jugulus Barbs","","","","Mod","","0","",""
"jugulus-carapace","Jugulus Carapace","","","","Mod","","0","",""
"jugulus-spines","Jugulus Spines","","","","Mod","","0","",""
"juice","Juice","","","","Mod","","0","",""
"justice-blades","Justice Blades","","","","Mod","","0","",""
"kavat-s-grace","Kavat\'s Grace","","","","Mod","","0","",""
"keep-clean","Keep-Clean","","","","Mod","","0","",""
"khra","Khra","","","","Mod","","0","",""
"khra-canticle","Khra Canticle","","","","Mod","","0","",""
"kill-switch","Kill Switch","","","","Mod","","0","",""
"killing-blow","Killing Blow","","","","Mod","","0","",""
"kinetic-collision","Kinetic Collision","","","","Mod","","0","",""
"kinetic-diversion","Kinetic Diversion","","","","Mod","","0","",""
"kinetic-friction","Kinetic Friction","","","","Mod","","0","",""
"kinetic-ricochet","Kinetic Ricochet","","","","Mod","","0","",""
"landslide","Landslide","","","","Upgrades","","0","",""
"larva-burst","Larva Burst","","","","Mod","","0","",""
"laser-sight","Laser Sight","","","","Mod","","0","",""
"lashing-coil","Lashing Coil","","","","Upgrades","","0","",""
"last-herald","Last Herald","","","","Upgrades","","0","",""
"lasting-covenant","Lasting Covenant","","","","Mod","","0","",""
"lasting-purity","Lasting Purity","","","","Mod","","0","",""
"lasting-sting","Lasting Sting","","","","Mod","","0","",""
"leaded-gas","Leaded Gas","","","","Mod","","0","",""
"lethal-momentum","Lethal Momentum","","","","Mod","","0","",""
"lethal-torrent","Lethal Torrent","","","","Mod","","0","",""
"lie-in-wait","Lie In Wait","","","","Mod","","0","",""
"life-strike","Life Strike","","","","Mod","","0","",""
"lightning-dash","Lightning Dash","","","","Mod","","0","",""
"lightning-rod","Lightning Rod","","","","Mod","","0","",""
"lingering-torment","Lingering Torment","","","","Mod","","0","",""
"link-fiber","Link Fiber","","","","Mod","","0","",""
"link-redirection","Link Redirection","","","","Mod","","0","",""
"link-vitality","Link Vitality","","","","Mod","","0","",""
"live-wire","Live Wire","","","","Mod","","0","",""
"loaded-capacity","Loaded Capacity","","","","Mod","","0","",""
"lock-and-load","Lock and Load","","","","Mod","","0","",""
"lohk","Lohk","","","","Mod","","0","",""
"lohk-canticle","Lohk Canticle","","","","Mod","","0","",""
"loose-chamber","Loose Chamber","","","","Mod","","0","",""
"loose-hatch","Loose Hatch","","","","Mod","","0","",""
"loose-magazine","Loose Magazine","","","","Mod","","0","",""
"loot-detector","Loot Detector","","","","Upgrades","","0","",""
"looter","Looter","","","","Mod","","0","",""
"loyal-companion","Loyal Companion","","","","Mod","","0","",""
"loyal-merulina","Loyal Merulina","","","","Mod","","0","",""
"loyal-retriever","Loyal Retriever","","","","Mod","","0","",""
"lucky-shot","Lucky Shot","","","","Mod","","0","",""
"mach-crash","Mach Crash","","","","Mod","","0","",""
"mad-stack","Mad Stack","","","","Mod","","0","",""
"madurai-transmute-core","Madurai Transmute Core","","","","Mod","","0","",""
"mafic-rain","Mafic Rain","","","","Upgrades","","0","",""
"mag-locks","Mag Locks","","","","Mod","","0","",""
"magazine-extension","Magazine Extension","","","","Mod","","0","",""
"magazine-warp","Magazine Warp","","","","Mod","","0","",""
"maglev","Maglev","","","","Mod","","0","",""
"magma-chamber","Magma Chamber","","","","Mod","","0","",""
"magnetic-capacity","Magnetic Capacity","","","","Mod","","0","",""
"magnetic-might","Magnetic Might","","","","Mod","","0","",""
"magnetic-rush","Magnetic Rush","","","","Mod","","0","",""
"magnetic-strafe","Magnetic Strafe","","","","Mod","","0","",""
"magnetic-strike","Magnetic Strike","","","","Mod","","0","",""
"magnetic-welt","Magnetic Welt","","","","Mod","","0","",""
"magnetized-core","Magnetized Core","","","","Mod","","0","",""
"magnetized-cycle","Magnetized Cycle","","","","Mod","","0","",""
"magnetized-discharge","Magnetized Discharge","","","","Mod","","0","",""
"magnum-force","Magnum Force","","","","Mod","","0","",""
"maim","Maim","","","","Mod","","0","",""
"maiming-strike","Maiming Strike","","","","Mod","","0","",""
"malicious-code","Malicious Code","","","","Mod","","0","",""
"malicious-raptor","Malicious Raptor","","","","Upgrades","","0","",""
"malignant-force","Malignant Force","","","","Mod","","0","",""
"manifold-bond","Manifold Bond","","","","Mod","","0","",""
"mark-of-the-beast","Mark of the Beast","","","","Mod","","0","",""
"marked-target","Marked Target","","","","Mod","","0","",""
"martial-fury","Martial Fury","","","","Mod","","0","",""
"martyr-symbiosis","Martyr Symbiosis","","","","Mod","","0","",""
"master-key","Master Key","","","","Mod","","0","",""
"master-thief","Master Thief","","","","Mod","","0","",""
"master-s-edge","Master\'s Edge","","","","Mod","","0","",""
"maul","Maul","","","","Mod","","0","",""
"maximum-capacity","Maximum Capacity","","","","Mod","","0","",""
"measured-burst","Measured Burst","","","","Mod","","0","",""
"mecha-empowered","Mecha Empowered","","","","Upgrades","","0","",""
"mecha-overdrive","Mecha Overdrive","","","","Mod","","0","",""
"mecha-pulse","Mecha Pulse","","","","Mod","","0","",""
"mecha-recharge","Mecha Recharge","","","","Mod","","0","",""
"medi-pet-kit","Medi-Pet Kit","","","","Mod","","0","",""
"medi-ray","Medi-Ray","","","","Mod","","0","",""
"melee-elementalist","Melee Elementalist","","","","Mod","","0","",""
"melee-guidance","Melee Guidance","","","","Upgrades","","0","",""
"melee-prowess","Melee Prowess","","","","Mod","","0","",""
"mending-shot","Mending Shot","","","","Mod","","0","",""
"mending-splinters","Mending Splinters","","","","Mod","","0","",""
"mentor-s-legacy","Mentor\'s Legacy","","","","Mod","","0","",""
"merciless-gunfight","Merciless Gunfight","","","","Mod","","0","",""
"merulina-guardian","Merulina Guardian","","","","","","0","",""
"mesa-s-waltz","Mesa\'s Waltz","","","","Mod","","0","",""
"mesmer-shield","Mesmer Shield","","","","Mod","","0","",""
"metal-auger","Metal Auger","","","","Mod","","0","",""
"metal-fiber","Metal Fiber","","","","Mod","","0","",""
"metamorphic-magazine","Metamorphic Magazine","","","","Mod","","0","",""
"meteor-crash","Meteor Crash","","","","Mod","","0","",""
"meteor-munitions","Meteor Munitions","","","","Mod","","0","",""
"meticulous-aim","Meticulous Aim","","","","Mod","","0","",""
"mind-freak","Mind Freak","","","","Mod","","0","",""
"mischief","Mischief","","","","Mod","","0","",""
"mobilize","Mobilize","","","","Mod","","0","",""
"modified-munitions","Modified Munitions","","","","Mod","","0","",""
"molecular-conversion","Molecular Conversion","","","","Mod","","0","",""
"molecular-fission","Molecular Fission","","","","Mod","","0","",""
"molten-impact","Molten Impact","","","","Mod","","0","",""
"momentary-pause","Momentary Pause","","","","Mod","","0","",""
"momentous-bond","Momentous Bond","","","","Mod","","0","",""
"morphic-transformer","Morphic Transformer","","","","Mod","","0","",""
"mortal-conduct","Mortal Conduct","","","","Mod","","0","",""
"motus-impact","Motus Impact","","","","Mod","","0","",""
"motus-setup","Motus Setup","","","","Mod","","0","",""
"motus-signal","Motus Signal","","","","Mod","","0","",""
"mountain-s-edge","Mountain\'s Edge","","","","Upgrades","","0","",""
"muzzle-flash","Muzzle Flash","","","","Mod","","0","",""
"mystic-bond","Mystic Bond","","","","Mod","","0","",""
"nano-applicator","Nano-Applicator","","","","Mod","","0","",""
"napalm-grenades","Napalm Grenades","","","","Mod","","0","",""
"naramon-transmute-core","Naramon Transmute Core","","","","Mod","","0","",""
"narrow-barrel","Narrow Barrel","","","","Mod","","0","",""
"narrow-minded","Narrow Minded","","","","Mod","","0","",""
"natural-talent","Natural Talent","","","","Mod","","0","",""
"nebula-bore","Nebula Bore","","","","Mod","","0","",""
"necramech-augur","Necramech Augur","","","","Mod","","0","",""
"necramech-aviator","Necramech Aviator","","","","Mod","","0","",""
"necramech-blitz","Necramech Blitz","","","","Mod","","0","",""
"necramech-continuity","Necramech Continuity","","","","Mod","","0","",""
"necramech-deflection","Necramech Deflection","","","","Mod","","0","",""
"necramech-drift","Necramech Drift","","","","Mod","","0","",""
"necramech-efficiency","Necramech Efficiency","","","","Mod","","0","",""
"necramech-enemy-sense","Necramech Enemy Sense","","","","Mod","","0","",""
"necramech-flow","Necramech Flow","","","","Mod","","0","",""
"necramech-friction","Necramech Friction","","","","Mod","","0","",""
"necramech-fury","Necramech Fury","","","","Mod","","0","",""
"necramech-hydraulics","Necramech Hydraulics","","","","Mod","","0","",""
"necramech-intensify","Necramech Intensify","","","","Mod","","0","",""
"necramech-pressure-point","Necramech Pressure Point","","","","Mod","","0","",""
"necramech-rage","Necramech Rage","","","","Mod","","0","",""
"necramech-reach","Necramech Reach","","","","Mod","","0","",""
"necramech-rebuke","Necramech Rebuke","","","","Mod","","0","",""
"necramech-redirection","Necramech Redirection","","","","Mod","","0","",""
"necramech-refuel","Necramech Refuel","","","","Mod","","0","",""
"necramech-repair","Necramech Repair","","","","Mod","","0","",""
"necramech-seismic-wave","Necramech Seismic Wave","","","","Mod","","0","",""
"necramech-slipstream","Necramech Slipstream","","","","Mod","","0","",""
"necramech-steel-fiber","Necramech Steel Fiber","","","","Mod","","0","",""
"necramech-streamline","Necramech Streamline","","","","Mod","","0","",""
"necramech-stretch","Necramech Stretch","","","","Mod","","0","",""
"necramech-thrusters","Necramech Thrusters","","","","Mod","","0","",""
"necramech-vitality","Necramech Vitality","","","","Mod","","0","",""
"negate","Negate","","","","Mod","","0","",""
"negation-armor","Negation Armor","","","","Mod","","0","",""
"netra","Netra","","","","Mod","","0","",""
"netra-invocation","Netra Invocation","","","","Mod","","0","",""
"neutralize","Neutralize","","","","Mod","","0","",""
"neutralizing-justice","Neutralizing Justice","","","","Mod","","0","",""
"neutron-star","Neutron Star","","","","Mod","","0","",""
"night-stalker","Night Stalker","","","","Mod","","0","",""
"nightwatch-napalm","Nightwatch Napalm","","","","Mod","","0","",""
"nira-s-anguish","Nira\'s Anguish","","","","Mod","","0","",""
"nira-s-contempt","Nira\'s Contempt","","","","Mod","","0","",""
"nira-s-hatred","Nira\'s Hatred","","","","Mod","","0","",""
"nitro-boost","Nitro Boost","","","","Mod","","0","",""
"no-current-leap","No Current Leap","","","","Mod","","0","",""
"no-return","No Return","","","","Mod","","0","",""
"noble-cadence","Noble Cadence","","","","Upgrades","","0","",""
"north-wind","North Wind","","","","Mod","","0","",""
"null-audit","Null Audit","","","","Mod","","0","",""
"odomedic","Odomedic","","","","Mod","","0","",""
"omikuji-s-fortune","Omikuji\'s Fortune","","","","Mod","","0","",""
"opportunity-s-reach","Opportunity\'s Reach","","","","Mod","","0","",""
"ore-gaze","Ore Gaze","","","","Mod","","0","",""
"organ-shatter","Organ Shatter","","","","Mod","","0","",""
"oull","Oull","","","","Mod","","0","",""
"out-of-sight","Out of Sight","","","","Mod","","0","",""
"overcharge-detectors","Overcharge Detectors","","","","Mod","","0","",""
"overcharged","Overcharged","","","","Mod","","0","",""
"overextended","Overextended","","","","Mod","","0","",""
"overview","Overview","","","","Mod","","0","",""
"pacifying-bolts","Pacifying Bolts","","","","Mod","","0","",""
"pack-leader","Pack Leader","","","","Mod","","0","",""
"pain-points","Pain Points","","","","Mod","","0","",""
"pain-threshold","Pain Threshold","","","","Mod","","0","",""
"panzer-devolution","Panzer Devolution","","","","Mod","","0","",""
"parallax-scope","Parallax Scope","","","","Mod","","0","",""
"paralytic-spores","Paralytic Spores","","","","Mod","","0","",""
"parasitic-vitality","Parasitic Vitality","","","","Mod","","0","",""
"parry","Parry","","","","Mod","","0","",""
"partitioned-mallet","Partitioned Mallet","","","","Mod","","0","",""
"patagium","Patagium","","","","Mod","","0","",""
"path-of-statues","Path of Statues","","","","Mod","","0","",""
"pathogen-rounds","Pathogen Rounds","","","","Mod","","0","",""
"peaceful-provocation","Peaceful Provocation","","","","Mod","","0","",""
"peculiar-audience","Peculiar Audience","","","","Mod","","0","",""
"peculiar-bloom","Peculiar Bloom","","","","Mod","","0","",""
"peculiar-growth","Peculiar Growth","","","","Mod","","0","",""
"perfect-balance","Perfect Balance","","","","Mod","","0","",""
"perpetual-agony","Perpetual Agony","","","","Mod","","0","",""
"persistent-posture","Persistent Posture","","","","Upgrades","","0","",""
"phoenix-renewal","Phoenix Renewal","","","","Mod","","0","",""
"photon-overcharge","Photon Overcharge","","","","Mod","","0","",""
"photon-repeater","Photon Repeater","","","","Mod","","0","",""
"physique","Physique","","","","Upgrades","","0","",""
"piercing-caliber","Piercing Caliber","","","","Mod","","0","",""
"piercing-fury","Piercing Fury","","","","Upgrades","","0","",""
"piercing-hit","Piercing Hit","","","","Mod","","0","",""
"piercing-navigator","Piercing Navigator","","","","Mod","","0","",""
"piercing-roar","Piercing Roar","","","","Mod","","0","",""
"piercing-step","Piercing Step","","","","Mod","","0","",""
"pilfering-strangledome","Pilfering Strangledome","","","","Mod","","0","",""
"pilfering-swarm","Pilfering Swarm","","","","Mod","","0","",""
"pistol-acuity","Pistol Acuity","","","","Mod","","0","",""
"pistol-ammo-mutation","Pistol Ammo Mutation","","","","Mod","","0","",""
"pistol-amp","Pistol Amp","","","","Upgrades","","0","",""
"pistol-elementalist","Pistol Elementalist","","","","Mod","","0","",""
"pistol-gambit","Pistol Gambit","","","","Mod","","0","",""
"pistol-pestilence","Pistol Pestilence","","","","Mod","","0","",""
"pistol-scavenger","Pistol Scavenger","","","","Upgrades","","0","",""
"plan-b","Plan B","","","","Mod","","0","",""
"point-blank","Point Blank","","","","Mod","","0","",""
"point-strike","Point Strike","","","","Mod","","0","",""
"pointed-wind","Pointed Wind","","","","Upgrades","","0","",""
"poisonous-sting","Poisonous Sting","","","","Mod","","0","",""
"polar-magazine","Polar Magazine","","","","Mod","","0","",""
"pool-of-life","Pool of Life","","","","Mod","","0","",""
"pop-top","Pop Top","","","","Mod","","0","",""
"poppin-vert","Poppin\' Vert","","","","Mod","","0","",""
"pounce","Pounce","","","","Mod","","0","",""
"power-donation","Power Donation","","","","Upgrades","","0","",""
"power-drain","Power Drain","","","","Mod","","0","",""
"power-drift","Power Drift","","","","Mod","","0","",""
"power-of-three","Power of Three","","","","Mod","","0","",""
"power-throw","Power Throw","","","","Mod","","0","",""
"precision-conditioning","Precision Conditioning","","","","Mod","","0","",""
"precision-intensify","Precision Intensify","","","","Mod","","0","",""
"precision-munition","Precision Munition","","","","Mod","","0","",""
"precision-strike","Precision Strike","","","","Mod","","0","",""
"preparation","Preparation","","","","Mod","","0","",""
"pressure-point","Pressure Point","","","","Mod","","0","",""
"pressurized-magazine","Pressurized Magazine","","","","Mod","","0","",""
"prey-of-dynar","Prey of Dynar","","","","Mod","","0","",""
"primal-fury","Primal Fury","","","","Upgrades","","0","",""
"primal-rage","Primal Rage","","","","Mod","","0","",""
"primary-acuity","Primary Acuity","","","","Mod","","0","",""
"primed-ammo-stock","Primed Ammo Stock","","","","Mod","","0","",""
"primed-animal-instinct","Primed Animal Instinct","","","","Mod","","0","",""
"primed-bane-of-corpus","Primed Bane of Corpus","","","","Mod","","0","",""
"primed-bane-of-grineer","Primed Bane of Grineer","","","","Mod","","0","",""
"primed-bane-of-infested","Primed Bane of Infested","","","","Mod","","0","",""
"primed-bane-of-orokin","Primed Bane of Orokin","","","","Mod","","0","",""
"primed-bane-of-the-murmur","Primed Bane of The Murmur","","","","Mod","","0","",""
"primed-chamber","Primed Chamber","","","","Mod","","0","",""
"primed-charged-shell","Primed Charged Shell","","","","Mod","","0","",""
"primed-chilling-grasp","Primed Chilling Grasp","","","","Mod","","0","",""
"primed-cleanse-corpus","Primed Cleanse Corpus","","","","Mod","","0","",""
"primed-cleanse-grineer","Primed Cleanse Grineer","","","","Mod","","0","",""
"primed-cleanse-infested","Primed Cleanse Infested","","","","Mod","","0","",""
"primed-cleanse-orokin","Primed Cleanse Orokin","","","","Mod","","0","",""
"primed-cleanse-the-murmur","Primed Cleanse The Murmur","","","","Mod","","0","",""
"primed-continuity","Primed Continuity","","","","Mod","","0","",""
"primed-convulsion","Primed Convulsion","","","","Mod","","0","",""
"primed-counterbalance","Primed Counterbalance","","","","Mod","","0","",""
"primed-cryo-rounds","Primed Cryo Rounds","","","","Mod","","0","",""
"primed-deadly-efficiency","Primed Deadly Efficiency","","","","Mod","","0","",""
"primed-dual-rounds","Primed Dual Rounds","","","","Mod","","0","",""
"primed-expel-corpus","Primed Expel Corpus","","","","Mod","","0","",""
"primed-expel-grineer","Primed Expel Grineer","","","","Mod","","0","",""
"primed-expel-infested","Primed Expel Infested","","","","Mod","","0","",""
"primed-expel-orokin","Primed Expel Orokin","","","","Mod","","0","",""
"primed-expel-the-murmur","Primed Expel The Murmur","","","","Mod","","0","",""
"primed-fast-hands","Primed Fast Hands","","","","Mod","","0","",""
"primed-fever-strike","Primed Fever Strike","","","","Mod","","0","",""
"primed-firestorm","Primed Firestorm","","","","Mod","","0","",""
"primed-flow","Primed Flow","","","","Mod","","0","",""
"primed-fulmination","Primed Fulmination","","","","Mod","","0","",""
"primed-fury","Primed Fury","","","","Mod","","0","",""
"primed-heated-charge","Primed Heated Charge","","","","Mod","","0","",""
"primed-heavy-trauma","Primed Heavy Trauma","","","","Mod","","0","",""
"primed-magazine-warp","Primed Magazine Warp","","","","Mod","","0","",""
"primed-morphic-transformer","Primed Morphic Transformer","","","","Mod","","0","",""
"primed-pack-leader","Primed Pack Leader","","","","Mod","","0","",""
"primed-pistol-ammo-mutation","Primed Pistol Ammo Mutation","","","","Mod","","0","",""
"primed-pistol-gambit","Primed Pistol Gambit","","","","Mod","","0","",""
"primed-point-blank","Primed Point Blank","","","","Mod","","0","",""
"primed-pressure-point","Primed Pressure Point","","","","Mod","","0","",""
"primed-quickdraw","Primed Quickdraw","","","","Mod","","0","",""
"primed-ravage","Primed Ravage","","","","Mod","","0","",""
"primed-reach","Primed Reach","","","","Mod","","0","",""
"primed-redirection","Primed Redirection","","","","Mod","","0","",""
"primed-regen","Primed Regen","","","","Mod","","0","",""
"primed-rifle-ammo-mutation","Primed Rifle Ammo Mutation","","","","Mod","","0","",""
"primed-rubedo-lined-barrel","Primed Rubedo-Lined Barrel","","","","Mod","","0","",""
"primed-shotgun-ammo-mutation","Primed Shotgun Ammo Mutation","","","","Mod","","0","",""
"primed-shred","Primed Shred","","","","Mod","","0","",""
"primed-slip-magazine","Primed Slip Magazine","","","","Mod","","0","",""
"primed-smite-corpus","Primed Smite Corpus","","","","Mod","","0","",""
"primed-smite-grineer","Primed Smite Grineer","","","","Mod","","0","",""
"primed-smite-infested","Primed Smite Infested","","","","Mod","","0","",""
"primed-smite-orokin","Primed Smite Orokin","","","","Mod","","0","",""
"primed-smite-the-murmur","Primed Smite The Murmur","","","","Mod","","0","",""
"primed-sniper-ammo-mutation","Primed Sniper Ammo Mutation","","","","Mod","","0","",""
"primed-stabilizer","Primed Stabilizer","","","","Mod","","0","",""
"primed-steady-hands","Primed Steady Hands","","","","Mod","","0","",""
"primed-sure-footed","Primed Sure Footed","","","","Mod","","0","",""
"primed-tactical-pump","Primed Tactical Pump","","","","Mod","","0","",""
"primed-target-cracker","Primed Target Cracker","","","","Mod","","0","",""
"primed-vigor","Primed Vigor","","","","Mod","","0","",""
"primo-flair","Primo Flair","","","","Mod","","0","",""
"prism-guard","Prism Guard","","","","Mod","","0","",""
"prismatic-companion","Prismatic Companion","","","","Mod","","0","",""
"prize-kill","Prize Kill","","","","Mod","","0","",""
"proboscis","Proboscis","","","","Mod","","0","",""
"prolonged-paralysis","Prolonged Paralysis","","","","Mod","","0","",""
"prosperous-retriever","Prosperous Retriever","","","","Mod","","0","",""
"protect","Protect","","","","Mod","","0","",""
"protector-posture","Protector Posture","","","","Upgrades","","0","",""
"proton-jet","Proton Jet","","","","Mod","","0","",""
"proton-pulse","Proton Pulse","","","","Mod","","0","",""
"proton-snap","Proton Snap","","","","Mod","","0","",""
"provoked","Provoked","","","","Mod","","0","",""
"pummel","Pummel","","","","Mod","","0","",""
"purging-slash","Purging Slash","","","","Mod","","0","",""
"purifying-flames","Purifying Flames","","","","Mod","","0","",""
"push-pull","Push & Pull","","","","Mod","","0","",""
"pyroclastic-flow","Pyroclastic Flow","","","","Mod","","0","",""
"quaking-hand","Quaking Hand","","","","Upgrades","","0","",""
"quasar-drill","Quasar Drill","","","","Mod","","0","",""
"quick-charge","Quick Charge","","","","Mod","","0","",""
"quick-correct","Quick Correct","","","","Mod","","0","",""
"quick-escape","Quick Escape","","","","Mod","","0","",""
"quick-reload","Quick Reload","","","","Mod","","0","",""
"quick-return","Quick Return","","","","Mod","","0","",""
"quick-thinking","Quick Thinking","","","","Mod","","0","",""
"quickdraw","Quickdraw","","","","Mod","","0","",""
"quickening","Quickening","","","","Mod","","0","",""
"radiant-finish","Radiant Finish","","","","Mod","","0","",""
"radiated-reload","Radiated Reload","","","","Mod","","0","",""
"radon-claws","Radon Claws","","","","Mod","","0","",""
"rage","Rage","","","","Mod","","0","",""
"rail-guards","Rail Guards","","","","Mod","","0","",""
"range-advantage","Range Advantage","","","","Mod","","0","",""
"rapid-resilience","Rapid Resilience","","","","Mod","","0","",""
"raptor-s-chase","Raptor\'s Chase","","","","Upgrades","","0","",""
"ravage","Ravage","","","","Mod","","0","",""
"ravenous-wraith","Ravenous Wraith","","","","Upgrades","","0","",""
"razor-mortar","Razor Mortar","","","","Mod","","0","",""
"razor-munitions","Razor Munitions","","","","Mod","","0","",""
"razor-shot","Razor Shot","","","","Mod","","0","",""
"razorwing-blitz","Razorwing Blitz","","","","Mod","","0","",""
"reach","Reach","","","","Mod","","0","",""
"reactive-storm","Reactive Storm","","","","Mod","","0","",""
"ready-steel","Ready Steel","","","","Upgrades","","0","",""
"reaping-chakram","Reaping Chakram","","","","Mod","","0","",""
"reaping-spiral","Reaping Spiral","","","","Upgrades","","0","",""
"reawaken","Reawaken","","","","Mod","","0","",""
"rebound","Rebound","","","","Mod","","0","",""
"recharge-barrier","Recharge Barrier","","","","Mod","","0","",""
"recover","Recover","","","","Mod","","0","",""
"recrystalize","Recrystalize","","","","Mod","","0","",""
"recuperate","Recuperate","","","","Mod","","0","",""
"redirection","Redirection","","","","Mod","","0","",""
"reflect","Reflect","","","","Mod","","0","",""
"reflection","Reflection","","","","Mod","","0","",""
"reflex-coil","Reflex Coil","","","","Mod","","0","",""
"reflex-denial","Reflex Denial","","","","Mod","","0","",""
"reflex-draw","Reflex Draw","","","","Mod","","0","",""
"reflex-guard","Reflex Guard","","","","Mod","","0","",""
"regen","Regen","","","","Mod","","0","",""
"regenerative-molt","Regenerative Molt","","","","Mod","","0","",""
"reinforced-bond","Reinforced Bond","","","","Mod","","0","",""
"reinforcing-stomp","Reinforcing Stomp","","","","Mod","","0","",""
"rejuvenation","Rejuvenation","","","","Upgrades","","0","",""
"relentless-assault","Relentless Assault","","","","Mod","","0","",""
"relentless-combination","Relentless Combination","","","","Mod","","0","",""
"rending-crane","Rending Crane","","","","Upgrades","","0","",""
"rending-strike","Rending Strike","","","","Mod","","0","",""
"rending-turn","Rending Turn","","","","Mod","","0","",""
"rending-wind","Rending Wind","","","","Upgrades","","0","",""
"repair-dispensary","Repair Dispensary","","","","Mod","","0","",""
"repair-kit","Repair Kit","","","","Mod","","0","",""
"repeater-clip","Repeater Clip","","","","Mod","","0","",""
"repelling-bastille","Repelling Bastille","","","","Mod","","0","",""
"repo-audit","Repo Audit","","","","Mod","","0","",""
"resolute-focus","Resolute Focus","","","","Mod","","0","",""
"resonance","Resonance","","","","Mod","","0","",""
"resonating-quake","Resonating Quake","","","","Mod","","0","",""
"resourceful-retriever","Resourceful Retriever","","","","Mod","","0","",""
"restorative-bond","Restorative Bond","","","","Mod","","0","",""
"retribution","Retribution","","","","Mod","","0","",""
"retrieve","Retrieve","","","","Mod","","0","",""
"revealing-spores","Revealing Spores","","","","Mod","","0","",""
"revenge","Revenge","","","","Mod","","0","",""
"rifle-ammo-mutation","Rifle Ammo Mutation","","","","Mod","","0","",""
"rifle-amp","Rifle Amp","","","","Upgrades","","0","",""
"rifle-aptitude","Rifle Aptitude","","","","Mod","","0","",""
"rifle-elementalist","Rifle Elementalist","","","","Mod","","0","",""
"rifle-scavenger","Rifle Scavenger","","","","Upgrades","","0","",""
"rift-haven","Rift Haven","","","","Mod","","0","",""
"rift-strike","Rift Strike","","","","Mod","","0","",""
"rift-torrent","Rift Torrent","","","","Mod","","0","",""
"rime-rounds","Rime Rounds","","","","Mod","","0","",""
"rime-vault","Rime Vault","","","","Mod","","0","",""
"ripper-rounds","Ripper Rounds","","","","Mod","","0","",""
"ris","Ris","","","","Mod","","0","",""
"ris-invocation","Ris Invocation","","","","Mod","","0","",""
"rising-skill","Rising Skill","","","","Mod","","0","",""
"rising-steel","Rising Steel","","","","Upgrades","","0","",""
"rising-storm","Rising Storm","","","","Mod","","0","",""
"rolling-guard","Rolling Guard","","","","Mod","","0","",""
"rousing-plunder","Rousing Plunder","","","","Mod","","0","",""
"rubble-heap","Rubble Heap","","","","Mod","","0","",""
"rubedo-lined-barrel","Rubedo-Lined Barrel","","","","Mod","","0","",""
"ruinous-extension","Ruinous Extension","","","","Mod","","0","",""
"rumbled","Rumbled","","","","Mod","","0","",""
"runtime","Runtime","","","","Mod","","0","",""
"rupture","Rupture","","","","Mod","","0","",""
"rush","Rush","","","","Mod","","0","",""
"sabot-rounds","Sabot Rounds","","","","Mod","","0","",""
"sacrifice","Sacrifice","","","","Mod","","0","",""
"sacrificial-pressure","Sacrificial Pressure","","","","Mod","","0","",""
"sacrificial-steel","Sacrificial Steel","","","","Mod","","0","",""
"safeguard","Safeguard","","","","Mod","","0","",""
"safeguard-switch","Safeguard Switch","","","","Mod","","0","",""
"sanctuary","Sanctuary","","","","Mod","","0","",""
"sapping-reach","Sapping Reach","","","","Mod","","0","",""
"savage-silence","Savage Silence","","","","Mod","","0","",""
"savagery","Savagery","","","","Mod","","0","",""
"savior-decoy","Savior Decoy","","","","Mod","","0","",""
"sawtooth-clip","Sawtooth Clip","","","","Mod","","0","",""
"saxum-carapace","Saxum Carapace","","","","Mod","","0","",""
"saxum-spittle","Saxum Spittle","","","","Mod","","0","",""
"saxum-thorax","Saxum Thorax","","","","Mod","","0","",""
"scan-aquatic-lifeforms","Scan Aquatic Lifeforms","","","","Mod","","0","",""
"scan-matter","Scan Matter","","","","Mod","","0","",""
"scarlet-hurricane","Scarlet Hurricane","","","","Upgrades","","0","",""
"scattered-justice","Scattered Justice","","","","Mod","","0","",""
"scattering-inferno","Scattering Inferno","","","","Mod","","0","",""
"scavenge","Scavenge","","","","Mod","","0","",""
"scorch","Scorch","","","","Mod","","0","",""
"searing-leap","Searing Leap","","","","Mod","","0","",""
"searing-steel","Searing Steel","","","","Mod","","0","",""
"secondary-wind","Secondary Wind","","","","Mod","","0","",""
"security-override","Security Override","","","","Mod","","0","",""
"seeker","Seeker","","","","Mod","","0","",""
"seeking-force","Seeking Force","","","","Mod","","0","",""
"seeking-fury","Seeking Fury","","","","Mod","","0","",""
"seeking-shuriken","Seeking Shuriken","","","","Mod","","0","",""
"seismic-bond","Seismic Bond","","","","Mod","","0","",""
"seismic-palm","Seismic Palm","","","","Upgrades","","0","",""
"seismic-wave","Seismic Wave","","","","Mod","","0","",""
"self-destruct","Self Destruct","","","","Mod","","0","",""
"semi-pistol-cannonade","Semi-Pistol Cannonade","","","","Mod","","0","",""
"semi-rifle-cannonade","Semi-Rifle Cannonade","","","","Mod","","0","",""
"semi-shotgun-cannonade","Semi-Shotgun Cannonade","","","","Mod","","0","",""
"sentient-barrage","Sentient Barrage","","","","Mod","","0","",""
"sentient-surge","Sentient Surge","","","","Mod","","0","",""
"sepsis-claws","Sepsis Claws","","","","Mod","","0","",""
"sequence-burn","Sequence Burn","","","","Mod","","0","",""
"serene-storm","Serene Storm","","","","Upgrades","","0","",""
"serrated-edges","Serrated Edges","","","","Mod","","0","",""
"serrated-rounds","Serrated Rounds","","","","Mod","","0","",""
"serration","Serration","","","","Mod","","0","",""
"shadow-harvest","Shadow Harvest","","","","Upgrades","","0","",""
"shadow-haze","Shadow Haze","","","","Mod","","0","",""
"sharpened-blade","Sharpened Blade","","","","Mod","","0","",""
"sharpened-bullets","Sharpened Bullets","","","","Mod","","0","",""
"sharpened-claws","Sharpened Claws","","","","Mod","","0","",""
"sharpshooter","Sharpshooter","","","","Mod","","0","",""
"shattered-lash","Shattered Lash","","","","Upgrades","","0","",""
"shattered-storm","Shattered Storm","","","","Mod","","0","",""
"shattering-impact","Shattering Impact","","","","Mod","","0","",""
"shattering-justice","Shattering Justice","","","","Mod","","0","",""
"shattering-storm","Shattering Storm","","","","Upgrades","","0","",""
"shell-compression","Shell Compression","","","","Mod","","0","",""
"shell-rush","Shell Rush","","","","Mod","","0","",""
"shell-shock","Shell Shock","","","","Mod","","0","",""
"shelter","Shelter","","","","Mod","","0","",""
"shepherd","Shepherd","","","","Upgrades","","0","",""
"shield-charger","Shield Charger","","","","Mod","","0","",""
"shield-disruption","Shield Disruption","","","","Upgrades","","0","",""
"shield-of-shadows","Shield of Shadows","","","","Mod","","0","",""
"shield-overload","Shield Overload","","","","Mod","","0","",""
"shimmering-blight","Shimmering Blight","","","","Upgrades","","0","",""
"shivering-contagion","Shivering Contagion","","","","Mod","","0","",""
"shock-absorbers","Shock Absorbers","","","","Mod","","0","",""
"shock-collar","Shock Collar","","","","Mod","","0","",""
"shock-trooper","Shock Trooper","","","","Mod","","0","",""
"shocking-claws","Shocking Claws","","","","Mod","","0","",""
"shocking-speed","Shocking Speed","","","","Mod","","0","",""
"shocking-touch","Shocking Touch","","","","Mod","","0","",""
"shockwave-actuators","Shockwave Actuators","","","","Mod","","0","",""
"shotgun-ammo-mutation","Shotgun Ammo Mutation","","","","Mod","","0","",""
"shotgun-amp","Shotgun Amp","","","","Upgrades","","0","",""
"shotgun-barrage","Shotgun Barrage","","","","Mod","","0","",""
"shotgun-elementalist","Shotgun Elementalist","","","","Mod","","0","",""
"shotgun-savvy","Shotgun Savvy","","","","Mod","","0","",""
"shotgun-scavenger","Shotgun Scavenger","","","","Upgrades","","0","",""
"shrapnel-rounds","Shrapnel Rounds","","","","Mod","","0","",""
"shrapnel-shot","Shrapnel Shot","","","","Mod","","0","",""
"shred","Shred","","","","Mod","","0","",""
"shred-shot","Shred Shot","","","","Mod","","0","",""
"shredder","Shredder","","","","Mod","","0","",""
"signal-flare","Signal Flare","","","","Mod","","0","",""
"silent-battery","Silent Battery","","","","Mod","","0","",""
"singularity","Singularity","","","","Mod","","0","",""
"sinister-reach","Sinister Reach","","","","Mod","","0","",""
"sinking-talon","Sinking Talon","","","","Upgrades","","0","",""
"skull-shots","Skull Shots","","","","Mod","","0","",""
"slay-board","Slay Board","","","","Mod","","0","",""
"slicing-feathers","Slicing Feathers","","","","Upgrades","","0","",""
"slip-magazine","Slip Magazine","","","","Mod","","0","",""
"sly-devolution","Sly Devolution","","","","Mod","","0","",""
"smite-corpus","Smite Corpus","","","","Mod","","0","",""
"smite-grineer","Smite Grineer","","","","Mod","","0","",""
"smite-infested","Smite Infested","","","","Mod","","0","",""
"smite-infusion","Smite Infusion","","","","Mod","","0","",""
"smite-orokin","Smite Orokin","","","","Mod","","0","",""
"smite-the-murmur","Smite The Murmur","","","","Mod","","0","",""
"smoke-shadow","Smoke Shadow","","","","Mod","","0","",""
"snap-shot","Snap Shot","","","","Mod","","0","",""
"sniper-ammo-mutation","Sniper Ammo Mutation","","","","Mod","","0","",""
"sniper-scavenger","Sniper Scavenger","","","","Upgrades","","0","",""
"soaring-strike","Soaring Strike","","","","Mod","","0","",""
"soft-hands","Soft Hands","","","","Mod","","0","",""
"soft-safe","Soft Safe","","","","Mod","","0","",""
"sonic-boost","Sonic Boost","","","","Mod","","0","",""
"sonic-fracture","Sonic Fracture","","","","Mod","","0","",""
"soul-survivor","Soul Survivor","","","","Mod","","0","",""
"sovereign-outcast","Sovereign Outcast","","","","Upgrades","","0","",""
"spare-parts","Spare Parts","","","","Mod","","0","",""
"spectral-serration","Spectral Serration","","","","Mod","","0","",""
"spectral-spirit","Spectral Spirit","","","","Mod","","0","",""
"spectrosiphon","Spectrosiphon","","","","Mod","","0","",""
"speed-drift","Speed Drift","","","","Mod","","0","",""
"speed-trigger","Speed Trigger","","","","Mod","","0","",""
"spellbound-harvest","Spellbound Harvest","","","","Mod","","0","",""
"spinning-needle","Spinning Needle","","","","Upgrades","","0","",""
"split-chamber","Split Chamber","","","","Mod","","0","",""
"split-flights","Split Flights","","","","Mod","","0","",""
"spoiled-strike","Spoiled Strike","","","","Mod","","0","",""
"spontaneous-singularity","Spontaneous Singularity","","","","Mod","","0","",""
"spring-loaded-blade","Spring-Loaded Blade","","","","Mod","","0","",""
"spring-loaded-broadhead","Spring-Loaded Broadhead","","","","Mod","","0","",""
"spring-loaded-chamber","Spring-Loaded Chamber","","","","Mod","","0","",""
"sprint-boost","Sprint Boost","","","","Upgrades","","0","",""
"spry-sights","Spry Sights","","","","Mod","","0","",""
"stabilizer","Stabilizer","","","","Mod","","0","",""
"staggering-shield","Staggering Shield","","","","Mod","","0","",""
"stalk","Stalk","","","","Mod","","0","",""
"stalking-fan","Stalking Fan","","","","Upgrades","","0","",""
"stand-ground","Stand Ground","","","","Mod","","0","",""
"stand-united","Stand United","","","","Upgrades","","0","",""
"star-divide","Star Divide","","","","Upgrades","","0","",""
"stasis-field","Stasis Field","","","","Mod","","0","",""
"static-alacrity","Static Alacrity","","","","Mod","","0","",""
"static-discharge","Static Discharge","","","","Mod","","0","",""
"steady-hands","Steady Hands","","","","Mod","","0","",""
"stealth-drift","Stealth Drift","","","","Mod","","0","",""
"steel-charge","Steel Charge","","","","Upgrades","","0","",""
"steel-fiber","Steel Fiber","","","","Mod","","0","",""
"stinging-thorn","Stinging Thorn","","","","Upgrades","","0","",""
"stinging-truth","Stinging Truth","","","","Mod","","0","",""
"stockpiled-blight","Stockpiled Blight","","","","Mod","","0","",""
"stormbringer","Stormbringer","","","","Mod","","0","",""
"strafing-slide","Strafing Slide","","","","Mod","","0","",""
"strain-consume","Strain Consume","","","","Mod","","0","",""
"strain-eruption","Strain Eruption","","","","Mod","","0","",""
"strain-fever","Strain Fever","","","","Mod","","0","",""
"strain-infection","Strain Infection","","","","Mod","","0","",""
"streamline","Streamline","","","","Mod","","0","",""
"streamlined-form","Streamlined Form","","","","Mod","","0","",""
"stretch","Stretch","","","","Mod","","0","",""
"stunning-speed","Stunning Speed","","","","Mod","","0","",""
"sudden-impact","Sudden Impact","","","","Mod","","0","",""
"sudden-justice","Sudden Justice","","","","Mod","","0","",""
"summoner-s-wrath","Summoners Wrath","","","","Upgrades","","0","",""
"sundering-strike","Sundering Strike","","","","Mod","","0","",""
"sundering-weave","Sundering Weave","","","","Upgrades","","0","",""
"superior-defenses","Superior Defenses","","","","Mod","","0","",""
"suppress","Suppress","","","","Mod","","0","",""
"sure-footed","Sure Footed","","","","Mod","","0","",""
"sure-shot","Sure Shot","","","","Mod","","0","",""
"surging-blades","Surging Blades","","","","Mod","","0","",""
"surging-dash","Surging Dash","","","","Mod","","0","",""
"surplus-diverters","Surplus Diverters","","","","Mod","","0","",""
"survival-instinct","Survival Instinct","","","","Mod","","0","",""
"sweeping-serration","Sweeping Serration","","","","Mod","","0","",""
"swift-bite","Swift Bite","","","","Mod","","0","",""
"swift-mercy","Swift Mercy","","","","Mod","","0","",""
"swift-momentum","Swift Momentum","","","","Upgrades","","0","",""
"swing-line","Swing Line","","","","Mod","","0","",""
"swipe","Swipe","","","","Mod","","0","",""
"swirling-tiger","Swirling Tiger","","","","Upgrades","","0","",""
"swooping-falcon","Swooping Falcon","","","","Upgrades","","0","",""
"sword-alone","Sword Alone","","","","Mod","","0","",""
"synergized-prospectus","Synergized Prospectus","","","","Mod","","0","",""
"synth-charge","Synth Charge","","","","Mod","","0","",""
"synth-deconstruct","Synth Deconstruct","","","","Mod","","0","",""
"synth-fiber","Synth Fiber","","","","Mod","","0","",""
"synth-reflex","Synth Reflex","","","","Mod","","0","",""
"system-reroute","System Reroute","","","","Mod","","0","",""
"tactical-pump","Tactical Pump","","","","Mod","","0","",""
"tactical-reload","Tactical Reload","","","","Mod","","0","",""
"tactical-retreat","Tactical Retreat","","","","Mod","","0","",""
"tainted-clip","Tainted Clip","","","","Mod","","0","",""
"tainted-hydra","Tainted Hydra","","","","Upgrades","","0","",""
"tainted-mag","Tainted Mag","","","","Mod","","0","",""
"tainted-shell","Tainted Shell","","","","Mod","","0","",""
"tandem-bond","Tandem Bond","","","","Mod","","0","",""
"target-acquired","Target Acquired","","","","Mod","","0","",""
"target-cracker","Target Cracker","","","","Mod","","0","",""
"target-fixation","Target Fixation","","","","Mod","","0","",""
"targeting-receptor","Targeting Receptor","","","","Mod","","0","",""
"targeting-subsystem","Targeting Subsystem","","","","Mod","","0","",""
"tear-gas","Tear Gas","","","","Mod","","0","",""
"tectonic-fracture","Tectonic Fracture","","","","Mod","","0","",""
"teeming-virulence","Teeming Virulence","","","","Mod","","0","",""
"tek-assault","Tek Assault","","","","Mod","","0","",""
"tek-collateral","Tek Collateral","","","","Mod","","0","",""
"tek-enhance","Tek Enhance","","","","Mod","","0","",""
"tek-gravity","Tek Gravity","","","","Mod","","0","",""
"teleport-rush","Teleport Rush","","","","Mod","","0","",""
"tempered-blade","Tempered Blade","","","","Mod","","0","",""
"tempered-bound","Tempered Bound","","","","Mod","","0","",""
"tempo-royale","Tempo Royale","","","","Upgrades","","0","",""
"temporal-artillery","Temporal Artillery","","","","Mod","","0","",""
"temporal-erosion","Temporal Erosion","","","","Mod","","0","",""
"tenacious-bond","Tenacious Bond","","","","Mod","","0","",""
"terminal-velocity","Terminal Velocity","","","","Mod","","0","",""
"territorial-aggression","Territorial Aggression","","","","Mod","","0","",""
"tesla-bank","Tesla Bank","","","","Mod","","0","",""
"tether-grenades","Tether Grenades","","","","Mod","","0","",""
"the-relentless-lost","The Relentless Lost","","","","Mod","","0","",""
"thermagnetic-shells","Thermagnetic Shells","","","","Mod","","0","",""
"thermal-transfer","Thermal Transfer","","","","Mod","","0","",""
"thermite-rounds","Thermite Rounds","","","","Mod","","0","",""
"thief-s-wit","Thief\'s Wit","","","","Mod","","0","",""
"thrall-pact","Thrall Pact","","","","Mod","","0","",""
"thrash-landing","Thrash Landing","","","","Mod","","0","",""
"threat-blocker","Threat Blocker","","","","Mod","","0","",""
"thumper","Thumper","","","","Mod","","0","",""
"thunderbolt","Thunderbolt","","","","Mod","","0","",""
"thundermiter","Thundermiter","","","","Mod","","0","",""
"tidal-impunity","Tidal Impunity","","","","Mod","","0","",""
"titanic-rumbler","Titanic Rumbler","","","","Mod","","0","",""
"total-eclipse","Total Eclipse","","","","Mod","","0","",""
"toxic-barrage","Toxic Barrage","","","","Mod","","0","",""
"toxic-blight","Toxic Blight","","","","Mod","","0","",""
"toxic-flight","Toxic Flight","","","","Mod","","0","",""
"toxic-injection","Toxic Injection","","","","Upgrades","","0","",""
"toxic-sequence","Toxic Sequence","","","","Mod","","0","",""
"toxin-resistance","Toxin Resistance","","","","Upgrades","","0","",""
"tractor-beam","Tractor Beam","","","","Mod","","0","",""
"trail-blazer","Trail Blazer","","","","Mod","","0","",""
"trample","Trample","","","","Mod","","0","",""
"tranquil-cleave","Tranquil Cleave","","","","Upgrades","","0","",""
"transfusion","Transfusion","","","","Mod","","0","",""
"transient-fortitude","Transient Fortitude","","","","Mod","","0","",""
"transistor-shield","Transistor Shield","","","","Mod","","0","",""
"transmute-core","Transmute Core","","","","","","0","",""
"tribunal","Tribunal","","","","Mod","","0","",""
"trick-mag","Trick Mag","","","","Mod","","0","",""
"triple-tap","Triple Tap","","","","Mod","","0","",""
"trojan-tracker","Trojan Tracker","","","","Mod","","0","",""
"true-punishment","True Punishment","","","","Mod","","0","",""
"true-steel","True Steel","","","","Mod","","0","",""
"turbo-protect","Turbo Protect","","","","Mod","","0","",""
"twirling-spire","Twirling Spire","","","","Upgrades","","0","",""
"twitch","Twitch","","","","Mod","","0","",""
"ulfrun-s-endurance","Ulfrun\'s Endurance","","","","Mod","","0","",""
"umbral-fiber","Umbral Fiber","","","","Mod","","0","",""
"umbral-intensify","Umbral Intensify","","","","Mod","","0","",""
"umbral-vitality","Umbral Vitality","","","","Mod","","0","",""
"undying-will","Undying Will","","","","Mod","","0","",""
"unfused-artifact","Unfused Artifact","","","","","","0","",""
"unleashed","Unleashed","","","","Mod","","0","",""
"unseen-dread","Unseen Dread","","","","Mod","","0","",""
"untraceable","Untraceable","","","","Mod","","0","",""
"vacuum","Vacuum","","","","Mod","","0","",""
"valence-formation","Valence Formation","","","","Mod","","0","",""
"vampire-leech","Vampire Leech","","","","Mod","","0","",""
"vampiric-grasp","Vampiric Grasp","","","","Mod","","0","",""
"vanquished-prey","Vanquished Prey","","","","Mod","","0","",""
"vapor-trail","Vapor Trail","","","","Mod","","0","",""
"vaporize","Vaporize","","","","Mod","","0","",""
"vazarin-transmute-core","Vazarin Transmute Core","","","","Mod","","0","",""
"venari-bodyguard","Venari Bodyguard","","","","Mod","","0","",""
"venerdo-hoverdrive","Venerdo Hoverdrive","","","","Mod","","0","",""
"vengeful-revenant","Vengeful Revenant","","","","Upgrades","","0","",""
"venom-dose","Venom Dose","","","","Mod","","0","",""
"venom-teeth","Venom Teeth","","","","Mod","","0","",""
"venomous-clip","Venomous Clip","","","","Mod","","0","",""
"venomous-rise","Venomous Rise","","","","Mod","","0","",""
"vermillion-storm","Vermillion Storm","","","","Upgrades","","0","",""
"vexing-retaliation","Vexing Retaliation","","","","","","0","",""
"vicious-approach","Vicious Approach","","","","Upgrades","","0","",""
"vicious-bond","Vicious Bond","","","","Mod","","0","",""
"vicious-frost","Vicious Frost","","","","Mod","","0","",""
"vicious-spread","Vicious Spread","","","","Mod","","0","",""
"vigilante-armaments","Vigilante Armaments","","","","Mod","","0","",""
"vigilante-fervor","Vigilante Fervor","","","","Mod","","0","",""
"vigilante-offense","Vigilante Offense","","","","Mod","","0","",""
"vigilante-pursuit","Vigilante Pursuit","","","","Mod","","0","",""
"vigilante-supplies","Vigilante Supplies","","","","Mod","","0","",""
"vigilante-vigor","Vigilante Vigor","","","","Mod","","0","",""
"vigor","Vigor","","","","Mod","","0","",""
"vigorous-swap","Vigorous Swap","","","","Mod","","0","",""
"vile-acceleration","Vile Acceleration","","","","Mod","","0","",""
"vile-discharge","Vile Discharge","","","","Mod","","0","",""
"vile-precision","Vile Precision","","","","Mod","","0","",""
"viral-quills","Viral Quills","","","","Mod","","0","",""
"viral-tempest","Viral Tempest","","","","Mod","","0","",""
"virulent-scourge","Virulent Scourge","","","","Mod","","0","",""
"vital-sense","Vital Sense","","","","Mod","","0","",""
"vital-systems-bypass","Vital Systems Bypass","","","","Mod","","0","",""
"vitality","Vitality","","","","Mod","","0","",""
"volatile-parasite","Volatile Parasite","","","","Mod","","0","",""
"volatile-quick-return","Volatile Quick Return","","","","Mod","","0","",""
"volatile-rebound","Volatile Rebound","","","","Mod","","0","",""
"volatile-recompense","Volatile Recompense","","","","Mod","","0","",""
"volatile-variant","Volatile Variant","","","","Mod","","0","",""
"volcanic-edge","Volcanic Edge","","","","Mod","","0","",""
"voltage-sequence","Voltage Sequence","","","","Mod","","0","",""
"voltaic-lance","Voltaic Lance","","","","Mod","","0","",""
"voltaic-strike","Voltaic Strike","","","","Mod","","0","",""
"vome","Vome","","","","Mod","","0","",""
"vome-invocation","Vome Invocation","","","","Mod","","0","",""
"votive-onslaught","Votive Onslaught","","","","Upgrades","","0","",""
"vulcan-blitz","Vulcan Blitz","","","","Mod","","0","",""
"vulpine-mask","Vulpine Mask","","","","Upgrades","","0","",""
"ward-recovery","Ward Recovery","","","","Mod","","0","",""
"warding-thurible","Warding Thurible","","","","Mod","","0","",""
"warm-coat","Warm Coat","","","","Mod","","0","",""
"warrior-s-rest","Warrior\'s Rest","","","","Mod","","0","",""
"weeping-wounds","Weeping Wounds","","","","Mod","","0","",""
"whipclaw","Whipclaw","","","","Upgrades","","0","",""
"whiplash-mine","Whiplash Mine","","","","Mod","","0","",""
"whirlwind","Whirlwind","","","","Mod","","0","",""
"wild-frenzy","Wild Frenzy","","","","Mod","","0","",""
"wildfire","Wildfire","","","","Mod","","0","",""
"winds-of-purity","Winds of Purity","","","","Mod","","0","",""
"wise-razor","Wise Razor","","","","Upgrades","","0","",""
"worm-away","Worm Away","","","","Mod","","0","",""
"worthy-comradery","Worthy Comradery","","","","Upgrades","","0","",""
"wrath-of-ukko","Wrath of Ukko","","","","Mod","","0","",""
"wrecking-wall","Wrecking Wall","","","","Mod","","0","",""
"xata","Xata","","","","Mod","","0","",""
"xata-invocation","Xata Invocation","","","","Mod","","0","",""
"zazvat-kar","Zazvat-Kar","","","","Mod","","0","",""
"zodiac-shred","Zodiac Shred","","","","Mod","","0","",""