id,era,code,name,isRequiem,isVaulted,refinements,itemsPerRefinement
"lith-a1-relic","Lith","A1","Lith A1 Relic","0","0","Intact|Exceptional|Flawless|Radiant","Intact:6|Exceptional:6|Flawless:6|Radiant:6"
"lith-a2-relic","Lith","A2","Lith A2 Relic","0","0","Intact|Exceptional|Flawless|Radiant","Intact:6|Exceptional:6|Flawless:6|Radiant:6"
"lith-a3-relic","Lith","A3","Lith A3 Relic","0","0","Intact|Exceptional|Flawless|Radiant","Intact:6|Exceptional:6|Flawless:6|Radiant:6"
"lith-a4-relic","Lith","A4","Lith A4 Relic","0","0","Intact|Exceptional|Flawless|Radiant","Intact:6|Exceptional:6|Flawless:6|Radiant:6"
"lith-a5-relic","Lith","A5","Lith A5 Relic","0","0","Intact|Exceptional|Flawless|Radiant","Intact:6|Exceptional:6|Flawless:6|Radiant:6"
"lith-a6-relic","Lith","A6","Lith A6 Relic","0","0","Intact|Exceptional|Flawless|Radiant","Intact:6|Exceptional:6|Flawless:6|Radiant:6"
"lith-a7-relic","Lith","A7","Lith A7 Relic","0","0","Intact|Exceptional|Flawless|Radiant","Intact:6|Exceptional:6|Flawless:6|Radiant:6"
"lith-a8-relic","Lith","A8","Lith A8 Relic","0","0","Intact|Exceptional|Flawless|Radiant","Intact:6|Exceptional:6|Flawless:6|Radiant:6"
"lith-a9-relic","Lith","A9","Lith A9 Relic","0","0","Intact|Exceptional|Flawless|Radiant","Intact:6|Exceptional:6|Flawless:6|Radiant:6"
"lith-a10-relic","Lith","A10","Lith A10 Relic","0","0","Intact|Exceptional|Flawless|Radiant","Intact:6|Exceptional:6|Flawless:6|Radiant:6"
"lith-b1-relic","Lith","B1","Lith B1 Relic","0","0","Intact|Exceptional|Flawless|Radiant","Intact:6|Exceptional:6|Flawless:6|Radiant:6"
"lith-b2-relic","Lith","B2","Lith B2 Relic","0","0","Intact|Exceptional|Flawless|Radiant","Intact:6|Exceptional:6|Flawless:6|Radiant:6"
"lith-b3-relic","Lith","B3","Lith B3 Relic","0","0","Intact|Exceptional|Flawless|Radiant","Intact:6|Exceptional:6|Flawless:6|Radiant:6"
"lith-b4-relic","Lith","B4","Lith B4 Relic","0","0","Intact|Exceptional|Flawless|Radiant","Intact:6|Exceptional:6|Flawless:6|Radiant:6"
"lith-b5-relic","Lith","B5","Lith B5 Relic","0","0","Intact|Exceptional|Flawless|Radiant","Intact:6|Exceptional:6|Flawless:6|Radiant:6"
"lith-b6-relic","Lith","B6","Lith B6 Relic","0","0","Intact|Exceptional|Flawless|Radiant","Intact:6|Exceptional:6|Flawless:6|Radiant:6"
"lith-b7-relic","Lith","B7","Lith B7 Relic","0","0","Intact|Exceptional|Flawless|Radiant","Intact:6|Exceptional:6|Flawless:6|Radiant:6"
"lith-b8-relic","Lith","B8","Lith B8 Relic","0","0","Intact|Exceptional|Flawless|Radiant","Intact:6|Exceptional:6|Flawless:6|Radiant:6"
"lith-b9-relic","Lith","B9","Lith B9 Relic","0","0","Intact|Exceptional|Flawless|Radiant","Intact:6|Exceptional:6|Flawless:6|Radiant:6"
"lith-b10-relic","Lith","B10","Lith B10 Relic","0","0","Intact|Exceptional|Flawless|Radiant","Intact:6|Exceptional:6|Flawless:6|Radiant:6"
"lith-b11-relic","Lith","B11","Lith B11 Relic","0","0","Intact|Exceptional|Flawless|Radiant","Intact:6|Exceptional:6|Flawless:6|Radiant:6"
"lith-c1-relic","Lith","C1","Lith C1 Relic","0","0","Intact|Exceptional|Flawless|Radiant","Intact:6|Exceptional:6|Flawless:6|Radiant:6"
"lith-c2-relic","Lith","C2","Lith C2 Relic","0","0","Intact|Exceptional|Flawless|Radiant","Intact:6|Exceptional:6|Flawless:6|Radiant:6"
"lith-c3-relic","Lith","C3","Lith C3 Relic","0","0","Intact|Exceptional|Flawless|Radiant","Intact:6|Exceptional:6|Flawless:6|Radiant:6"
"lith-c4-relic","Lith","C4","Lith C4 Relic","0","0","Intact|Exceptional|Flawless|Radiant","Intact:6|Exceptional:6|Flawless:6|Radiant:6"
"lith-c5-relic","Lith","C5","Lith C5 Relic","0","0","Intact|Exceptional|Flawless|Radiant","Intact:6|Exceptional:6|Flawless:6|Radiant:6"
"lith-c6-relic","Lith","C6","Lith C6 Relic","0","0","Intact|Exceptional|Flawless|Radiant","Intact:6|Exceptional:6|Flawless:6|Radiant:6"
"lith-c7-relic","Lith","C7","Lith C7 Relic","0","0","Intact|Exceptional|Flawless|Radiant","Intact:6|Exceptional:6|Flawless:6|Radiant:6"
"lith-c8-relic","Lith","C8","Lith C8 Relic","0","0","Intact|Exceptional|Flawless|Radiant","Intact:6|Exceptional:6|Flawless:6|Radiant:6"
"lith-c9-relic","Lith","C9","Lith C9 Relic","0","0","Intact|Exceptional|Flawless|Radiant","Intact:6|Exceptional:6|Flawless:6|Radiant:6"
"lith-c10-relic","Lith","C10","Lith C10 Relic","0","0","Intact|Exceptional|Flawless|Radiant","Intact:6|Exceptional:6|Flawless:6|Radiant:6"
"lith-c11-relic","Lith","C11","Lith C11 Relic","0","0","Intact|Exceptional|Flawless|Radiant","Intact:6|Exceptional:6|Flawless:6|Radiant:6"
"lith-c12-relic","Lith","C12","Lith C12 Relic","0","0","Intact|Exceptional|Flawless|Radiant","Intact:6|Exceptional:6|Flawless:6|Radiant:6"
"lith-c13-relic","Lith","C13","Lith C13 Relic","0","0","Intact|Exceptional|Flawless|Radiant","Intact:6|Exceptional:6|Flawless:6|Radiant:6"
"lith-d1-relic","Lith","D1","Lith D1 Relic","0","0","Intact|Exceptional|Flawless|Radiant","Intact:6|Exceptional:6|Flawless:6|Radiant:6"
"lith-d2-relic","Lith","D2","Lith D2 Relic","0","0","Intact|Exceptional|Flawless|Radiant","Intact:6|Exceptional:6|Flawless:6|Radiant:6"
"lith-d3-relic","Lith","D3","Lith D3 Relic","0","0","Intact|Exceptional|Flawless|Radiant","Intact:6|Exceptional:6|Flawless:6|Radiant:6"
"lith-d4-relic","Lith","D4","Lith D4 Relic","0","0","Intact|Exceptional|Flawless|Radiant","Intact:6|Exceptional:6|Flawless:6|Radiant:6"
"lith-d5-relic","Lith","D5","Lith D5 Relic","0","0","Intact|Exceptional|Flawless|Radiant","Intact:6|Exceptional:6|Flawless:6|Radiant:6"
"lith-d6-relic","Lith","D6","Lith D6 Relic","0","0","Intact|Exceptional|Flawless|Radiant","Intact:6|Exceptional:6|Flawless:6|Radiant:6"
"lith-e1-relic","Lith","E1","Lith E1 Relic","0","0","Intact|Exceptional|Flawless|Radiant","Intact:6|Exceptional:6|Flawless:6|Radiant:6"
"lith-e2-relic","Lith","E2","Lith E2 Relic","0","0","Intact|Exceptional|Flawless|Radiant","Intact:6|Exceptional:6|Flawless:6|Radiant:6"
"lith-f1-relic","Lith","F1","Lith F1 Relic","0","0","Intact|Exceptional|Flawless|Radiant","Intact:6|Exceptional:6|Flawless:6|Radiant:6"
"lith-f2-relic","Lith","F2","Lith F2 Relic","0","0","Intact|Exceptional|Flawless|Radiant","Intact:6|Exceptional:6|Flawless:6|Radiant:6"
"lith-g1-relic","Lith","G1","Lith G1 Relic","0","0","Intact|Exceptional|Flawless|Radiant","Intact:6|Exceptional:6|Flawless:6|Radiant:6"
"lith-g2-relic","Lith","G2","Lith G2 Relic","0","0","Intact|Exceptional|Flawless|Radiant","Intact:6|Exceptional:6|Flawless:6|Radiant:6"
"lith-g3-relic","Lith","G3","Lith G3 Relic","0","0","Intact|Exceptional|Flawless|Radiant","Intact:6|Exceptional:6|Flawless:6|Radiant:6"
"lith-g4-relic","Lith","G4","Lith G4 Relic","0","0","Intact|Exceptional|Flawless|Radiant","Intact:6|Exceptional:6|Flawless:6|Radiant:6"
"lith-g5-relic","Lith","G5","Lith G5 Relic","0","0","Intact|Exceptional|Flawless|Radiant","Intact:6|Exceptional:6|Flawless:6|Radiant:6"
"lith-g6-relic","Lith","G6","Lith G6 Relic","0","0","Intact|Exceptional|Flawless|Radiant","Intact:6|Exceptional:6|Flawless:6|Radiant:6"
"lith-g7-relic","Lith","G7","Lith G7 Relic","0","0","Intact|Exceptional|Flawless|Radiant","Intact:6|Exceptional:6|Flawless:6|Radiant:6"
"lith-g8-relic","Lith","G8","Lith G8 Relic","0","0","Intact|Exceptional|Flawless|Radiant","Intact:6|Exceptional:6|Flawless:6|Radiant:6"
"lith-g9-relic","Lith","G9","Lith G9 Relic","0","0","Intact|Exceptional|Flawless|Radiant","Intact:6|Exceptional:6|Flawless:6|Radiant:6"
"lith-g10-relic","Lith","G10","Lith G10 Relic","0","0","Intact|Exceptional|Flawless|Radiant","Intact:6|Exceptional:6|Flawless:6|Radiant:6"
"lith-g11-relic","Lith","G11","Lith G11 Relic","0","0","Intact|Exceptional|Flawless|Radiant","Intact:6|Exceptional:6|Flawless:6|Radiant:6"
"lith-g12-relic","Lith","G12","Lith G12 Relic","0","0","Intact|Exceptional|Flawless|Radiant","Intact:6|Exceptional:6|Flawless:6|Radiant:6"
"lith-g13-relic","Lith","G13","Lith G13 Relic","0","0","Intact|Exceptional|Flawless|Radiant","Intact:6|Exceptional:6|Flawless:6|Radiant:6"
"lith-h1-relic","Lith","H1","Lith H1 Relic","0","0","Intact|Exceptional|Flawless|Radiant","Intact:6|Exceptional:6|Flawless:6|Radiant:6"
"lith-h2-relic","Lith","H2","Lith H2 Relic","0","0","Intact|Exceptional|Flawless|Radiant","Intact:6|Exceptional:6|Flawless:6|Radiant:6"
"lith-h3-relic","Lith","H3","Lith H3 Relic","0","0","Intact|Exceptional|Flawless|Radiant","Intact:6|Exceptional:6|Flawless:6|Radiant:6"
"lith-h4-relic","Lith","H4","Lith H4 Relic","0","0","Intact|Exceptional|Flawless|Radiant","Intact:6|Exceptional:6|Flawless:6|Radiant:6"
"lith-h5-relic","Lith","H5","Lith H5 Relic","0","0","Intact|Exceptional|Flawless|Radiant","Intact:6|Exceptional:6|Flawless:6|Radiant:6"
"lith-h6-relic","Lith","H6","Lith H6 Relic","0","0","Intact|Exceptional|Flawless|Radiant","Intact:6|Exceptional:6|Flawless:6|Radiant:6"
"lith-h7-relic","Lith","H7","Lith H7 Relic","0","0","Intact|Exceptional|Flawless|Radiant","Intact:6|Exceptional:6|Flawless:6|Radiant:6"
"lith-h8-relic","Lith","H8","Lith H8 Relic","0","0","Intact|Exceptional|Flawless|Radiant","Intact:6|Exceptional:6|Flawless:6|Radiant:6"
"lith-h9-relic","Lith","H9","Lith H9 Relic","0","0","Intact|Exceptional|Flawless|Radiant","Intact:6|Exceptional:6|Flawless:6|Radiant:6"
"lith-h10-relic","Lith","H10","Lith H10 Relic","0","0","Intact|Exceptional|Flawless|Radiant","Intact:6|Exceptional:6|Flawless:6|Radiant:6"
"lith-i1-relic","Lith","I1","Lith I1 Relic","0","0","Intact|Exceptional|Flawless|Radiant","Intact:6|Exceptional:6|Flawless:6|Radiant:6"
"lith-k1-relic","Lith","K1","Lith K1 Relic","0","0","Intact|Exceptional|Flawless|Radiant","Intact:6|Exceptional:6|Flawless:6|Radiant:6"
"lith-k2-relic","Lith","K2","Lith K2 Relic","0","0","Intact|Exceptional|Flawless|Radiant","Intact:6|Exceptional:6|Flawless:6|Radiant:6"
"lith-k3-relic","Lith","K3","Lith K3 Relic","0","0","Intact|Exceptional|Flawless|Radiant","Intact:6|Exceptional:6|Flawless:6|Radiant:6"
"lith-k4-relic","Lith","K4","Lith K4 Relic","0","0","Intact|Exceptional|Flawless|Radiant","Intact:6|Exceptional:6|Flawless:6|Radiant:6"
"lith-k5-relic","Lith","K5","Lith K5 Relic","0","0","Intact|Exceptional|Flawless|Radiant","Intact:6|Exceptional:6|Flawless:6|Radiant:6"
"lith-k6-relic","Lith","K6","Lith K6 Relic","0","0","Intact|Exceptional|Flawless|Radiant","Intact:6|Exceptional:6|Flawless:6|Radiant:6"
"lith-k7-relic","Lith","K7","Lith K7 Relic","0","0","Intact|Exceptional|Flawless|Radiant","Intact:6|Exceptional:6|Flawless:6|Radiant:6"
"lith-k8-relic","Lith","K8","Lith K8 Relic","0","0","Intact|Exceptional|Flawless|Radiant","Intact:6|Exceptional:6|Flawless:6|Radiant:6"
"lith-k9-relic","Lith","K9","Lith K9 Relic","0","0","Intact|Exceptional|Flawless|Radiant","Intact:6|Exceptional:6|Flawless:6|Radiant:6"
"lith-k10-relic","Lith","K10","Lith K10 Relic","0","0","Intact|Exceptional|Flawless|Radiant","Intact:6|Exceptional:6|Flawless:6|Radiant:6"
"lith-k11-relic","Lith","K11","Lith K11 Relic","0","0","Intact|Exceptional|Flawless|Radiant","Intact:6|Exceptional:6|Flawless:6|Radiant:6"
"lith-k12-relic","Lith","K12","Lith K12 Relic","0","0","Intact|Exceptional|Flawless|Radiant","Intact:6|Exceptional:6|Flawless:6|Radiant:6"
"lith-l1-relic","Lith","L1","Lith L1 Relic","0","0","Intact|Exceptional|Flawless|Radiant","Intact:6|Exceptional:6|Flawless:6|Radiant:6"
"lith-l2-relic","Lith","L2","Lith L2 Relic","0","0","Intact|Exceptional|Flawless|Radiant","Intact:6|Exceptional:6|Flawless:6|Radiant:6"
"lith-l3-relic","Lith","L3","Lith L3 Relic","0","0","Intact|Exceptional|Flawless|Radiant","Intact:6|Exceptional:6|Flawless:6|Radiant:6"
"lith-l4-relic","Lith","L4","Lith L4 Relic","0","0","Intact|Exceptional|Flawless|Radiant","Intact:6|Exceptional:6|Flawless:6|Radiant:6"
"lith-l5-relic","Lith","L5","Lith L5 Relic","0","0","Intact|Exceptional|Flawless|Radiant","Intact:6|Exceptional:6|Flawless:6|Radiant:6"
"lith-m1-relic","Lith","M1","Lith M1 Relic","0","0","Intact|Exceptional|Flawless|Radiant","Intact:6|Exceptional:6|Flawless:6|Radiant:6"
"lith-m2-relic","Lith","M2","Lith M2 Relic","0","0","Intact|Exceptional|Flawless|Radiant","Intact:6|Exceptional:6|Flawless:6|Radiant:6"
"lith-m3-relic","Lith","M3","Lith M3 Relic","0","0","Intact|Exceptional|Flawless|Radiant","Intact:6|Exceptional:6|Flawless:6|Radiant:6"
"lith-m4-relic","Lith","M4","Lith M4 Relic","0","0","Intact|Exceptional|Flawless|Radiant","Intact:6|Exceptional:6|Flawless:6|Radiant:6"
"lith-m5-relic","Lith","M5","Lith M5 Relic","0","0","Intact|Exceptional|Flawless|Radiant","Intact:6|Exceptional:6|Flawless:6|Radiant:6"
"lith-m6-relic","Lith","M6","Lith M6 Relic","0","0","Intact|Exceptional|Flawless|Radiant","Intact:6|Exceptional:6|Flawless:6|Radiant:6"
"lith-m7-relic","Lith","M7","Lith M7 Relic","0","0","Intact|Exceptional|Flawless|Radiant","Intact:6|Exceptional:6|Flawless:6|Radiant:6"
"lith-m8-relic","Lith","M8","Lith M8 Relic","0","0","Intact|Exceptional|Flawless|Radiant","Intact:6|Exceptional:6|Flawless:6|Radiant:6"
"lith-m9-relic","Lith","M9","Lith M9 Relic","0","0","Intact|Exceptional|Flawless|Radiant","Intact:6|Exceptional:6|Flawless:6|Radiant:6"
"lith-m10-relic","Lith","M10","Lith M10 Relic","0","0","Intact|Exceptional|Flawless|Radiant","Intact:6|Exceptional:6|Flawless:6|Radiant:6"
"lith-n1-relic","Lith","N1","Lith N1 Relic","0","0","Intact|Exceptional|Flawless|Radiant","Intact:6|Exceptional:6|Flawless:6|Radiant:6"
"lith-n2-relic","Lith","N2","Lith N2 Relic","0","0","Intact|Exceptional|Flawless|Radiant","Intact:6|Exceptional:6|Flawless:6|Radiant:6"
"lith-n3-relic","Lith","N3","Lith N3 Relic","0","0","Intact|Exceptional|Flawless|Radiant","Intact:6|Exceptional:6|Flawless:6|Radiant:6"
"lith-n4-relic","Lith","N4","Lith N4 Relic","0","0","Intact|Exceptional|Flawless|Radiant","Intact:6|Exceptional:6|Flawless:6|Radiant:6"
"lith-n5-relic","Lith","N5","Lith N5 Relic","0","0","Intact|Exceptional|Flawless|Radiant","Intact:6|Exceptional:6|Flawless:6|Radiant:6"
"lith-n6-relic","Lith","N6","Lith N6 Relic","0","0","Intact|Exceptional|Flawless|Radiant","Intact:6|Exceptional:6|Flawless:6|Radiant:6"
"lith-n7-relic","Lith","N7","Lith N7 Relic","0","0","Intact|Exceptional|Flawless|Radiant","Intact:6|Exceptional:6|Flawless:6|Radiant:6"
"lith-n8-relic","Lith","N8","Lith N8 Relic","0","0","Intact|Exceptional|Flawless|Radiant","Intact:6|Exceptional:6|Flawless:6|Radiant:6"
"lith-n9-relic","Lith","N9","Lith N9 Relic","0","0","Intact|Exceptional|Flawless|Radiant","Intact:6|Exceptional:6|Flawless:6|Radiant:6"
"lith-n10-relic","Lith","N10","Lith N10 Relic","0","0","Intact|Exceptional|Flawless|Radiant","Intact:6|Exceptional:6|Flawless:6|Radiant:6"
"lith-n11-relic","Lith","N11","Lith N11 Relic","0","0","Intact|Exceptional|Flawless|Radiant","Intact:6|Exceptional:6|Flawless:6|Radiant:6"
"lith-n12-relic","Lith","N12","Lith N12 Relic","0","0","Intact|Exceptional|Flawless|Radiant","Intact:6|Exceptional:6|Flawless:6|Radiant:6"
"lith-n13-relic","Lith","N13","Lith N13 Relic","0","0","Intact|Exceptional|Flawless|Radiant","Intact:6|Exceptional:6|Flawless:6|Radiant:6"
"lith-n14-relic","Lith","N14","Lith N14 Relic","0","0","Intact|Exceptional|Flawless|Radiant","Intact:6|Exceptional:6|Flawless:6|Radiant:6"
"lith-n15-relic","Lith","N15","Lith N15 Relic","0","0","Intact|Exceptional|Flawless|Radiant","Intact:6|Exceptional:6|Flawless:6|Radiant:6"
"lith-n16-relic","Lith","N16","Lith N16 Relic","0","0","Intact|Exceptional|Flawless|Radiant","Intact:6|Exceptional:6|Flawless:6|Radiant:6"
"lith-n17-relic","Lith","N17","Lith N17 Relic","0","0","Intact|Exceptional|Flawless|Radiant","Intact:6|Exceptional:6|Flawless:6|Radiant:6"
"lith-o1-relic","Lith","O1","Lith O1 Relic","0","0","Intact|Exceptional|Flawless|Radiant","Intact:6|Exceptional:6|Flawless:6|Radiant:6"
"lith-o2-relic","Lith","O2","Lith O2 Relic","0","0","Intact|Exceptional|Flawless|Radiant","Intact:6|Exceptional:6|Flawless:6|Radiant:6"
"lith-o3-relic","Lith","O3","Lith O3 Relic","0","0","Intact|Exceptional|Flawless|Radiant","Intact:6|Exceptional:6|Flawless:6|Radiant:6"
"lith-o4-relic","Lith","O4","Lith O4 Relic","0","0","Intact|Exceptional|Flawless|Radiant","Intact:6|Exceptional:6|Flawless:6|Radiant:6"
"lith-p1-relic","Lith","P1","Lith P1 Relic","0","0","Intact|Exceptional|Flawless|Radiant","Intact:6|Exceptional:6|Flawless:6|Radiant:6"
"lith-p2-relic","Lith","P2","Lith P2 Relic","0","0","Intact|Exceptional|Flawless|Radiant","Intact:6|Exceptional:6|Flawless:6|Radiant:6"
"lith-p3-relic","Lith","P3","Lith P3 Relic","0","0","Intact|Exceptional|Flawless|Radiant","Intact:6|Exceptional:6|Flawless:6|Radiant:6"
"lith-p4-relic","Lith","P4","Lith P4 Relic","0","0","Intact|Exceptional|Flawless|Radiant","Intact:6|Exceptional:6|Flawless:6|Radiant:6"
"lith-p5-relic","Lith","P5","Lith P5 Relic","0","0","Intact|Exceptional|Flawless|Radiant","Intact:6|Exceptional:6|Flawless:6|Radiant:6"
"lith-p6-relic","Lith","P6","Lith P6 Relic","0","0","Intact|Exceptional|Flawless|Radiant","Intact:6|Exceptional:6|Flawless:6|Radiant:6"
"lith-p7-relic","Lith","P7","Lith P7 Relic","0","0","Intact|Exceptional|Flawless|Radiant","Intact:6|Exceptional:6|Flawless:6|Radiant:6"
"lith-p8-relic","Lith","P8","Lith P8 Relic","0","0","Intact|Exceptional|Flawless|Radiant","Intact:6|Exceptional:6|Flawless:6|Radiant:6"
"lith-p9-relic","Lith","P9","Lith P9 Relic","0","0","Intact|Exceptional|Flawless|Radiant","Intact:6|Exceptional:6|Flawless:6|Radiant:6"
"lith-q1-relic","Lith","Q1","Lith Q1 Relic","0","0","Intact|Exceptional|Flawless|Radiant","Intact:6|Exceptional:6|Flawless:6|Radiant:6"
"lith-q2-relic","Lith","Q2","Lith Q2 Relic","0","0","Intact|Exceptional|Flawless|Radiant","Intact:6|Exceptional:6|Flawless:6|Radiant:6"
"lith-r1-relic","Lith","R1","Lith R1 Relic","0","0","Intact|Exceptional|Flawless|Radiant","Intact:6|Exceptional:6|Flawless:6|Radiant:6"
"lith-r2-relic","Lith","R2","Lith R2 Relic","0","0","Intact|Exceptional|Flawless|Radiant","Intact:6|Exceptional:6|Flawless:6|Radiant:6"
"lith-r3-relic","Lith","R3","Lith R3 Relic","0","0","Intact|Exceptional|Flawless|Radiant","Intact:6|Exceptional:6|Flawless:6|Radiant:6"
"lith-r4-relic","Lith","R4","Lith R4 Relic","0","0","Intact|Exceptional|Flawless|Radiant","Intact:6|Exceptional:6|Flawless:6|Radiant:6"
"lith-r5-relic","Lith","R5","Lith R5 Relic","0","0","Intact|Exceptional|Flawless|Radiant","Intact:6|Exceptional:6|Flawless:6|Radiant:6"
"lith-s1-relic","Lith","S1","Lith S1 Relic","0","0","Intact|Exceptional|Flawless|Radiant","Intact:6|Exceptional:6|Flawless:6|Radiant:6"
"lith-s2-relic","Lith","S2","Lith S2 Relic","0","0","Intact|Exceptional|Flawless|Radiant","Intact:6|Exceptional:6|Flawless:6|Radiant:6"
"lith-s3-relic","Lith","S3","Lith S3 Relic","0","0","Intact|Exceptional|Flawless|Radiant","Intact:6|Exceptional:6|Flawless:6|Radiant:6"
"lith-s4-relic","Lith","S4","Lith S4 Relic","0","0","Intact|Exceptional|Flawless|Radiant","Intact:6|Exceptional:6|Flawless:6|Radiant:6"
"lith-s5-relic","Lith","S5","Lith S5 Relic","0","0","Intact|Exceptional|Flawless|Radiant","Intact:6|Exceptional:6|Flawless:6|Radiant:6"
"lith-s6-relic","Lith","S6","Lith S6 Relic","0","0","Intact|Exceptional|Flawless|Radiant","Intact:6|Exceptional:6|Flawless:6|Radiant:6"
"lith-s7-relic","Lith","S7","Lith S7 Relic","0","0","Intact|Exceptional|Flawless|Radiant","Intact:6|Exceptional:6|Flawless:6|Radiant:6"
"lith-s8-relic","Lith","S8","Lith S8 Relic","0","0","Intact|Exceptional|Flawless|Radiant","Intact:6|Exceptional:6|Flawless:6|Radiant:6"
"lith-s9-relic","Lith","S9","Lith S9 Relic","0","0","Intact|Exceptional|Flawless|Radiant","Intact:6|Exceptional:6|Flawless:6|Radiant:6"
"lith-s10-relic","Lith","S10","Lith S10 Relic","0","0","Intact|Exceptional|Flawless|Radiant","Intact:6|Exceptional:6|Flawless:6|Radiant:6"
"lith-s11-relic","Lith","S11","Lith S11 Relic","0","0","Intact|Exceptional|Flawless|Radiant","Intact:6|Exceptional:6|Flawless:6|Radiant:6"
"lith-s12-relic","Lith","S12","Lith S12 Relic","0","0","Intact|Exceptional|Flawless|Radiant","Intact:6|Exceptional:6|Flawless:6|Radiant:6"
"lith-s13-relic","Lith","S13","Lith S13 Relic","0","0","Intact|Exceptional|Flawless|Radiant","Intact:6|Exceptional:6|Flawless:6|Radiant:6"
"lith-s14-relic","Lith","S14","Lith S14 Relic","0","0","Intact|Exceptional|Flawless|Radiant","Intact:6|Exceptional:6|Flawless:6|Radiant:6"
"lith-s15-relic","Lith","S15","Lith S15 Relic","0","0","Intact|Exceptional|Flawless|Radiant","Intact:6|Exceptional:6|Flawless:6|Radiant:6"
"lith-s16-relic","Lith","S16","Lith S16 Relic","0","0","Intact|Exceptional|Flawless|Radiant","Intact:6|Exceptional:6|Flawless:6|Radiant:6"
"lith-s17-relic","Lith","S17","Lith S17 Relic","0","0","Intact|Exceptional|Flawless|Radiant","Intact:6|Exceptional:6|Flawless:6|Radiant:6"
"lith-t1-relic","Lith","T1","Lith T1 Relic","0","0","Intact|Exceptional|Flawless|Radiant","Intact:6|Exceptional:6|Flawless:6|Radiant:6"
"lith-t2-relic","Lith","T2","Lith T2 Relic","0","0","Intact|Exceptional|Flawless|Radiant","Intact:6|Exceptional:6|Flawless:6|Radiant:6"
"lith-t3-relic","Lith","T3","Lith T3 Relic","0","0","Intact|Exceptional|Flawless|Radiant","Intact:6|Exceptional:6|Flawless:6|Radiant:6"
"lith-t4-relic","Lith","T4","Lith T4 Relic","0","0","Intact|Exceptional|Flawless|Radiant","Intact:6|Exceptional:6|Flawless:6|Radiant:6"
"lith-t5-relic","Lith","T5","Lith T5 Relic","0","0","Intact|Exceptional|Flawless|Radiant","Intact:6|Exceptional:6|Flawless:6|Radiant:6"
"lith-t6-relic","Lith","T6","Lith T6 Relic","0","0","Intact|Exceptional|Flawless|Radiant","Intact:6|Exceptional:6|Flawless:6|Radiant:6"
"lith-t7-relic","Lith","T7","Lith T7 Relic","0","0","Intact|Exceptional|Flawless|Radiant","Intact:6|Exceptional:6|Flawless:6|Radiant:6"
"lith-t8-relic","Lith","T8","Lith T8 Relic","0","0","Intact|Exceptional|Flawless|Radiant","Intact:6|Exceptional:6|Flawless:6|Radiant:6"
"lith-t9-relic","Lith","T9","Lith T9 Relic","0","0","Intact|Exceptional|Flawless|Radiant","Intact:6|Exceptional:6|Flawless:6|Radiant:6"
"lith-t10-relic","Lith","T10","Lith T10 Relic","0","0","Intact|Exceptional|Flawless|Radiant","Intact:6|Exceptional:6|Flawless:6|Radiant:6"
"lith-t11-relic","Lith","T11","Lith T11 Relic","0","0","Intact|Exceptional|Flawless|Radiant","Intact:6|Exceptional:6|Flawless:6|Radiant:6"
"lith-t12-relic","Lith","T12","Lith T12 Relic","0","0","Intact|Exceptional|Flawless|Radiant","Intact:6|Exceptional:6|Flawless:6|Radiant:6"
"lith-t13-relic","Lith","T13","Lith T13 Relic","0","0","Intact|Exceptional|Flawless|Radiant","Intact:6|Exceptional:6|Flawless:6|Radiant:6"
"lith-v1-relic","Lith","V1","Lith V1 Relic","0","0","Intact|Exceptional|Flawless|Radiant","Intact:6|Exceptional:6|Flawless:6|Radiant:6"
"lith-v2-relic","Lith","V2","Lith V2 Relic","0","0","Intact|Exceptional|Flawless|Radiant","Intact:6|Exceptional:6|Flawless:6|Radiant:6"
"lith-v3-relic","Lith","V3","Lith V3 Relic","0","0","Intact|Exceptional|Flawless|Radiant","Intact:6|Exceptional:6|Flawless:6|Radiant:6"
"lith-v4-relic","Lith","V4","Lith V4 Relic","0","0","Intact|Exceptional|Flawless|Radiant","Intact:6|Exceptional:6|Flawless:6|Radiant:6"
"lith-v5-relic","Lith","V5","Lith V5 Relic","0","0","Intact|Exceptional|Flawless|Radiant","Intact:6|Exceptional:6|Flawless:6|Radiant:6"
"lith-v6-relic","Lith","V6","Lith V6 Relic","0","0","Intact|Exceptional|Flawless|Radiant","Intact:6|Exceptional:6|Flawless:6|Radiant:6"
"lith-v7-relic","Lith","V7","Lith V7 Relic","0","0","Intact|Exceptional|Flawless|Radiant","Intact:6|Exceptional:6|Flawless:6|Radiant:6"
"lith-v8-relic","Lith","V8","Lith V8 Relic","0","0","Intact|Exceptional|Flawless|Radiant","Intact:6|Exceptional:6|Flawless:6|Radiant:6"
"lith-v9-relic","Lith","V9","Lith V9 Relic","0","0","Intact|Exceptional|Flawless|Radiant","Intact:6|Exceptional:6|Flawless:6|Radiant:6"
"lith-v10-relic","Lith","V10","Lith V10 Relic","0","0","Intact|Exceptional|Flawless|Radiant","Intact:6|Exceptional:6|Flawless:6|Radiant:6"
"lith-w1-relic","Lith","W1","Lith W1 Relic","0","0","Intact|Exceptional|Flawless|Radiant","Intact:6|Exceptional:6|Flawless:6|Radiant:6"
"lith-w2-relic","Lith","W2","Lith W2 Relic","0","0","Intact|Exceptional|Flawless|Radiant","Intact:6|Exceptional:6|Flawless:6|Radiant:6"
"lith-w3-relic","Lith","W3","Lith W3 Relic","0","0","Intact|Exceptional|Flawless|Radiant","Intact:6|Exceptional:6|Flawless:6|Radiant:6"
"lith-w4-relic","Lith","W4","Lith W4 Relic","0","0","Intact|Exceptional|Flawless|Radiant","Intact:6|Exceptional:6|Flawless:6|Radiant:6"
"lith-x1-relic","Lith","X1","Lith X1 Relic","0","0","Intact|Exceptional|Flawless|Radiant","Intact:6|Exceptional:6|Flawless:6|Radiant:6"
"lith-y1-relic","Lith","Y1","Lith Y1 Relic","0","0","Intact|Exceptional|Flawless|Radiant","Intact:6|Exceptional:6|Flawless:6|Radiant:6"
"lith-z1-relic","Lith","Z1","Lith Z1 Relic","0","0","Intact|Exceptional|Flawless|Radiant","Intact:6|Exceptional:6|Flawless:6|Radiant:6"
"lith-z2-relic","Lith","Z2","Lith Z2 Relic","0","0","Intact|Exceptional|Flawless|Radiant","Intact:6|Exceptional:6|Flawless:6|Radiant:6"
"lith-z3-relic","Lith","Z3","Lith Z3 Relic","0","0","Intact|Exceptional|Flawless|Radiant","Intact:6|Exceptional:6|Flawless:6|Radiant:6"
"lith-z4-relic","Lith","Z4","Lith Z4 Relic","0","0","Intact|Exceptional|Flawless|Radiant","Intact:6|Exceptional:6|Flawless:6|Radiant:6"
"meso-a1-relic","Meso","A1","Meso A1 Relic","0","0","Intact|Exceptional|Flawless|Radiant","Intact:6|Exceptional:6|Flawless:6|Radiant:6"
"meso-a2-relic","Meso","A2","Meso A2 Relic","0","0","Intact|Exceptional|Flawless|Radiant","Intact:6|Exceptional:6|Flawless:6|Radiant:6"
"meso-a3-relic","Meso","A3","Meso A3 Relic","0","0","Intact|Exceptional|Flawless|Radiant","Intact:6|Exceptional:6|Flawless:6|Radiant:6"
"meso-a4-relic","Meso","A4","Meso A4 Relic","0","0","Intact|Exceptional|Flawless|Radiant","Intact:6|Exceptional:6|Flawless:6|Radiant:6"
"meso-a5-relic","Meso","A5","Meso A5 Relic","0","0","Intact|Exceptional|Flawless|Radiant","Intact:6|Exceptional:6|Flawless:6|Radiant:6"
"meso-a6-relic","Meso","A6","Meso A6 Relic","0","0","Intact|Exceptional|Flawless|Radiant","Intact:6|Exceptional:6|Flawless:6|Radiant:6"
"meso-a7-relic","Meso","A7","Meso A7 Relic","0","0","Intact|Exceptional|Flawless|Radiant","Intact:6|Exceptional:6|Flawless:6|Radiant:6"
"meso-a8-relic","Meso","A8","Meso A8 Relic","0","0","Intact|Exceptional|Flawless|Radiant","Intact:6|Exceptional:6|Flawless:6|Radiant:6"
"meso-b1-relic","Meso","B1","Meso B1 Relic","0","0","Intact|Exceptional|Flawless|Radiant","Intact:6|Exceptional:6|Flawless:6|Radiant:6"
"meso-b2-relic","Meso","B2","Meso B2 Relic","0","0","Intact|Exceptional|Flawless|Radiant","Intact:6|Exceptional:6|Flawless:6|Radiant:6"
"meso-b3-relic","Meso","B3","Meso B3 Relic","0","0","Intact|Exceptional|Flawless|Radiant","Intact:6|Exceptional:6|Flawless:6|Radiant:6"
"meso-b4-relic","Meso","B4","Meso B4 Relic","0","0","Intact|Exceptional|Flawless|Radiant","Intact:6|Exceptional:6|Flawless:6|Radiant:6"
"meso-b5-relic","Meso","B5","Meso B5 Relic","0","0","Intact|Exceptional|Flawless|Radiant","Intact:6|Exceptional:6|Flawless:6|Radiant:6"
"meso-b6-relic","Meso","B6","Meso B6 Relic","0","0","Intact|Exceptional|Flawless|Radiant","Intact:6|Exceptional:6|Flawless:6|Radiant:6"
"meso-b7-relic","Meso","B7","Meso B7 Relic","0","0","Intact|Exceptional|Flawless|Radiant","Intact:6|Exceptional:6|Flawless:6|Radiant:6"
"meso-b8-relic","Meso","B8","Meso B8 Relic","0","0","Intact|Exceptional|Flawless|Radiant","Intact:6|Exceptional:6|Flawless:6|Radiant:6"
"meso-b9-relic","Meso","B9","Meso B9 Relic","0","0","Intact|Exceptional|Flawless|Radiant","Intact:6|Exceptional:6|Flawless:6|Radiant:6"
"meso-b10-relic","Meso","B10","Meso B10 Relic","0","0","Intact|Exceptional|Flawless|Radiant","Intact:6|Exceptional:6|Flawless:6|Radiant:6"
"meso-c1-relic","Meso","C1","Meso C1 Relic","0","0","Intact|Exceptional|Flawless|Radiant","Intact:6|Exceptional:6|Flawless:6|Radiant:6"
"meso-c2-relic","Meso","C2","Meso C2 Relic","0","0","Intact|Exceptional|Flawless|Radiant","Intact:6|Exceptional:6|Flawless:6|Radiant:6"
"meso-c3-relic","Meso","C3","Meso C3 Relic","0","0","Intact|Exceptional|Flawless|Radiant","Intact:6|Exceptional:6|Flawless:6|Radiant:6"
"meso-c4-relic","Meso","C4","Meso C4 Relic","0","0","Intact|Exceptional|Flawless|Radiant","Intact:6|Exceptional:6|Flawless:6|Radiant:6"
"meso-c5-relic","Meso","C5","Meso C5 Relic","0","0","Intact|Exceptional|Flawless|Radiant","Intact:6|Exceptional:6|Flawless:6|Radiant:6"
"meso-c6-relic","Meso","C6","Meso C6 Relic","0","0","Intact|Exceptional|Flawless|Radiant","Intact:6|Exceptional:6|Flawless:6|Radiant:6"
"meso-c7-relic","Meso","C7","Meso C7 Relic","0","0","Intact|Exceptional|Flawless|Radiant","Intact:6|Exceptional:6|Flawless:6|Radiant:6"
"meso-c8-relic","Meso","C8","Meso C8 Relic","0","0","Intact|Exceptional|Flawless|Radiant","Intact:6|Exceptional:6|Flawless:6|Radiant:6"
"meso-c9-relic","Meso","C9","Meso C9 Relic","0","0","Intact|Exceptional|Flawless|Radiant","Intact:6|Exceptional:6|Flawless:6|Radiant:6"
"meso-c10-relic","Meso","C10","Meso C10 Relic","0","0","Intact|Exceptional|Flawless|Radiant","Intact:6|Exceptional:6|Flawless:6|Radiant:6"
"meso-d1-relic","Meso","D1","Meso D1 Relic","0","0","Intact|Exceptional|Flawless|Radiant","Intact:6|Exceptional:6|Flawless:6|Radiant:6"
"meso-d2-relic","Meso","D2","Meso D2 Relic","0","0","Intact|Exceptional|Flawless|Radiant","Intact:6|Exceptional:6|Flawless:6|Radiant:6"
"meso-d3-relic","Meso","D3","Meso D3 Relic","0","0","Intact|Exceptional|Flawless|Radiant","Intact:6|Exceptional:6|Flawless:6|Radiant:6"
"meso-d4-relic","Meso","D4","Meso D4 Relic","0","0","Intact|Exceptional|Flawless|Radiant","Intact:6|Exceptional:6|Flawless:6|Radiant:6"
"meso-d5-relic","Meso","D5","Meso D5 Relic","0","0","Intact|Exceptional|Flawless|Radiant","Intact:6|Exceptional:6|Flawless:6|Radiant:6"
"meso-d6-relic","Meso","D6","Meso D6 Relic","0","0","Intact|Exceptional|Flawless|Radiant","Intact:6|Exceptional:6|Flawless:6|Radiant:6"
"meso-d7-relic","Meso","D7","Meso D7 Relic","0","0","Intact|Exceptional|Flawless|Radiant","Intact:6|Exceptional:6|Flawless:6|Radiant:6"
"meso-e1-relic","Meso","E1","Meso E1 Relic","0","0","Intact|Exceptional|Flawless|Radiant","Intact:6|Exceptional:6|Flawless:6|Radiant:6"
"meso-e2-relic","Meso","E2","Meso E2 Relic","0","0","Intact|Exceptional|Flawless|Radiant","Intact:6|Exceptional:6|Flawless:6|Radiant:6"
"meso-e3-relic","Meso","E3","Meso E3 Relic","0","0","Intact|Exceptional|Flawless|Radiant","Intact:6|Exceptional:6|Flawless:6|Radiant:6"
"meso-e4-relic","Meso","E4","Meso E4 Relic","0","0","Intact|Exceptional|Flawless|Radiant","Intact:6|Exceptional:6|Flawless:6|Radiant:6"
"meso-e5-relic","Meso","E5","Meso E5 Relic","0","0","Intact|Exceptional|Flawless|Radiant","Intact:6|Exceptional:6|Flawless:6|Radiant:6"
"meso-e6-relic","Meso","E6","Meso E6 Relic","0","0","Intact|Exceptional|Flawless|Radiant","Intact:6|Exceptional:6|Flawless:6|Radiant:6"
"meso-f1-relic","Meso","F1","Meso F1 Relic","0","0","Intact|Exceptional|Flawless|Radiant","Intact:6|Exceptional:6|Flawless:6|Radiant:6"
"meso-f2-relic","Meso","F2","Meso F2 Relic","0","0","Intact|Exceptional|Flawless|Radiant","Intact:6|Exceptional:6|Flawless:6|Radiant:6"
"meso-f3-relic","Meso","F3","Meso F3 Relic","0","0","Intact|Exceptional|Flawless|Radiant","Intact:6|Exceptional:6|Flawless:6|Radiant:6"
"meso-f4-relic","Meso","F4","Meso F4 Relic","0","0","Intact|Exceptional|Flawless|Radiant","Intact:6|Exceptional:6|Flawless:6|Radiant:6"
"meso-f5-relic","Meso","F5","Meso F5 Relic","0","0","Intact|Exceptional|Flawless|Radiant","Intact:6|Exceptional:6|Flawless:6|Radiant:6"
"meso-g1-relic","Meso","G1","Meso G1 Relic","0","0","Intact|Exceptional|Flawless|Radiant","Intact:6|Exceptional:6|Flawless:6|Radiant:6"
"meso-g2-relic","Meso","G2","Meso G2 Relic","0","0","Intact|Exceptional|Flawless|Radiant","Intact:6|Exceptional:6|Flawless:6|Radiant:6"
"meso-g3-relic","Meso","G3","Meso G3 Relic","0","0","Intact|Exceptional|Flawless|Radiant","Intact:6|Exceptional:6|Flawless:6|Radiant:6"
"meso-g4-relic","Meso","G4","Meso G4 Relic","0","0","Intact|Exceptional|Flawless|Radiant","Intact:6|Exceptional:6|Flawless:6|Radiant:6"
"meso-g5-relic","Meso","G5","Meso G5 Relic","0","0","Intact|Exceptional|Flawless|Radiant","Intact:6|Exceptional:6|Flawless:6|Radiant:6"
"meso-g6-relic","Meso","G6","Meso G6 Relic","0","0","Intact|Exceptional|Flawless|Radiant","Intact:6|Exceptional:6|Flawless:6|Radiant:6"
"meso-g7-relic","Meso","G7","Meso G7 Relic","0","0","Intact|Exceptional|Flawless|Radiant","Intact:6|Exceptional:6|Flawless:6|Radiant:6"
"meso-g8-relic","Meso","G8","Meso G8 Relic","0","0","Intact|Exceptional|Flawless|Radiant","Intact:6|Exceptional:6|Flawless:6|Radiant:6"
"meso-g9-relic","Meso","G9","Meso G9 Relic","0","0","Intact|Exceptional|Flawless|Radiant","Intact:6|Exceptional:6|Flawless:6|Radiant:6"
"meso-h1-relic","Meso","H1","Meso H1 Relic","0","0","Intact|Exceptional|Flawless|Radiant","Intact:6|Exceptional:6|Flawless:6|Radiant:6"
"meso-h2-relic","Meso","H2","Meso H2 Relic","0","0","Intact|Exceptional|Flawless|Radiant","Intact:6|Exceptional:6|Flawless:6|Radiant:6"
"meso-h3-relic","Meso","H3","Meso H3 Relic","0","0","Intact|Exceptional|Flawless|Radiant","Intact:6|Exceptional:6|Flawless:6|Radiant:6"
"meso-h4-relic","Meso","H4","Meso H4 Relic","0","0","Intact|Exceptional|Flawless|Radiant","Intact:6|Exceptional:6|Flawless:6|Radiant:6"
"meso-h5-relic","Meso","H5","Meso H5 Relic","0","0","Intact|Exceptional|Flawless|Radiant","Intact:6|Exceptional:6|Flawless:6|Radiant:6"
"meso-h6-relic","Meso","H6","Meso H6 Relic","0","0","Intact|Exceptional|Flawless|Radiant","Intact:6|Exceptional:6|Flawless:6|Radiant:6"
"meso-h7-relic","Meso","H7","Meso H7 Relic","0","0","Intact|Exceptional|Flawless|Radiant","Intact:6|Exceptional:6|Flawless:6|Radiant:6"
"meso-h8-relic","Meso","H8","Meso H8 Relic","0","0","Intact|Exceptional|Flawless|Radiant","Intact:6|Exceptional:6|Flawless:6|Radiant:6"
"meso-i1-relic","Meso","I1","Meso I1 Relic","0","0","Intact|Exceptional|Flawless|Radiant","Intact:6|Exceptional:6|Flawless:6|Radiant:6"
"meso-i2-relic","Meso","I2","Meso I2 Relic","0","0","Intact|Exceptional|Flawless|Radiant","Intact:6|Exceptional:6|Flawless:6|Radiant:6"
"meso-k1-relic","Meso","K1","Meso K1 Relic","0","0","Intact|Exceptional|Flawless|Radiant","Intact:6|Exceptional:6|Flawless:6|Radiant:6"
"meso-k2-relic","Meso","K2","Meso K2 Relic","0","0","Intact|Exceptional|Flawless|Radiant","Intact:6|Exceptional:6|Flawless:6|Radiant:6"
"meso-k3-relic","Meso","K3","Meso K3 Relic","0","0","Intact|Exceptional|Flawless|Radiant","Intact:6|Exceptional:6|Flawless:6|Radiant:6"
"meso-k4-relic","Meso","K4","Meso K4 Relic","0","0","Intact|Exceptional|Flawless|Radiant","Intact:6|Exceptional:6|Flawless:6|Radiant:6"
"meso-k5-relic","Meso","K5","Meso K5 Relic","0","0","Intact|Exceptional|Flawless|Radiant","Intact:6|Exceptional:6|Flawless:6|Radiant:6"
"meso-k6-relic","Meso","K6","Meso K6 Relic","0","0","Intact|Exceptional|Flawless|Radiant","Intact:6|Exceptional:6|Flawless:6|Radiant:6"
"meso-k7-relic","Meso","K7","Meso K7 Relic","0","0","Intact|Exceptional|Flawless|Radiant","Intact:6|Exceptional:6|Flawless:6|Radiant:6"
"meso-l1-relic","Meso","L1","Meso L1 Relic","0","0","Intact|Exceptional|Flawless|Radiant","Intact:6|Exceptional:6|Flawless:6|Radiant:6"
"meso-l2-relic","Meso","L2","Meso L2 Relic","0","0","Intact|Exceptional|Flawless|Radiant","Intact:6|Exceptional:6|Flawless:6|Radiant:6"
"meso-l3-relic","Meso","L3","Meso L3 Relic","0","0","Intact|Exceptional|Flawless|Radiant","Intact:6|Exceptional:6|Flawless:6|Radiant:6"
"meso-m1-relic","Meso","M1","Meso M1 Relic","0","0","Intact|Exceptional|Flawless|Radiant","Intact:6|Exceptional:6|Flawless:6|Radiant:6"
"meso-m2-relic","Meso","M2","Meso M2 Relic","0","0","Intact|Exceptional|Flawless|Radiant","Intact:6|Exceptional:6|Flawless:6|Radiant:6"
"meso-m3-relic","Meso","M3","Meso M3 Relic","0","0","Intact|Exceptional|Flawless|Radiant","Intact:6|Exceptional:6|Flawless:6|Radiant:6"
"meso-m4-relic","Meso","M4","Meso M4 Relic","0","0","Intact|Exceptional|Flawless|Radiant","Intact:6|Exceptional:6|Flawless:6|Radiant:6"
"meso-m5-relic","Meso","M5","Meso M5 Relic","0","0","Intact|Exceptional|Flawless|Radiant","Intact:6|Exceptional:6|Flawless:6|Radiant:6"
"meso-n1-relic","Meso","N1","Meso N1 Relic","0","0","Intact|Exceptional|Flawless|Radiant","Intact:6|Exceptional:6|Flawless:6|Radiant:6"
"meso-n2-relic","Meso","N2","Meso N2 Relic","0","0","Intact|Exceptional|Flawless|Radiant","Intact:6|Exceptional:6|Flawless:6|Radiant:6"
"meso-n3-relic","Meso","N3","Meso N3 Relic","0","0","Intact|Exceptional|Flawless|Radiant","Intact:6|Exceptional:6|Flawless:6|Radiant:6"
"meso-n4-relic","Meso","N4","Meso N4 Relic","0","0","Intact|Exceptional|Flawless|Radiant","Intact:6|Exceptional:6|Flawless:6|Radiant:6"
"meso-n5-relic","Meso","N5","Meso N5 Relic","0","0","Intact|Exceptional|Flawless|Radiant","Intact:6|Exceptional:6|Flawless:6|Radiant:6"
"meso-n6-relic","Meso","N6","Meso N6 Relic","0","0","Intact|Exceptional|Flawless|Radiant","Intact:6|Exceptional:6|Flawless:6|Radiant:6"
"meso-n7-relic","Meso","N7","Meso N7 Relic","0","0","Intact|Exceptional|Flawless|Radiant","Intact:6|Exceptional:6|Flawless:6|Radiant:6"
"meso-n8-relic","Meso","N8","Meso N8 Relic","0","0","Intact|Exceptional|Flawless|Radiant","Intact:6|Exceptional:6|Flawless:6|Radiant:6"
"meso-n9-relic","Meso","N9","Meso N9 Relic","0","0","Intact|Exceptional|Flawless|Radiant","Intact:6|Exceptional:6|Flawless:6|Radiant:6"
"meso-n10-relic","Meso","N10","Meso N10 Relic","0","0","Intact|Exceptional|Flawless|Radiant","Intact:6|Exceptional:6|Flawless:6|Radiant:6"
"meso-n11-relic","Meso","N11","Meso N11 Relic","0","0","Intact|Exceptional|Flawless|Radiant","Intact:6|Exceptional:6|Flawless:6|Radiant:6"
"meso-n12-relic","Meso","N12","Meso N12 Relic","0","0","Intact|Exceptional|Flawless|Radiant","Intact:6|Exceptional:6|Flawless:6|Radiant:6"
"meso-n13-relic","Meso","N13","Meso N13 Relic","0","0","Intact|Exceptional|Flawless|Radiant","Intact:6|Exceptional:6|Flawless:6|Radiant:6"
"meso-n14-relic","Meso","N14","Meso N14 Relic","0","0","Intact|Exceptional|Flawless|Radiant","Intact:6|Exceptional:6|Flawless:6|Radiant:6"
"meso-n15-relic","Meso","N15","Meso N15 Relic","0","0","Intact|Exceptional|Flawless|Radiant","Intact:6|Exceptional:6|Flawless:6|Radiant:6"
"meso-n16-relic","Meso","N16","Meso N16 Relic","0","0","Intact|Exceptional|Flawless|Radiant","Intact:6|Exceptional:6|Flawless:6|Radiant:6"
"meso-n17-relic","Meso","N17","Meso N17 Relic","0","0","Intact|Exceptional|Flawless|Radiant","Intact:6|Exceptional:6|Flawless:6|Radiant:6"
"meso-o1-relic","Meso","O1","Meso O1 Relic","0","0","Intact|Exceptional|Flawless|Radiant","Intact:6|Exceptional:6|Flawless:6|Radiant:6"
"meso-o2-relic","Meso","O2","Meso O2 Relic","0","0","Intact|Exceptional|Flawless|Radiant","Intact:6|Exceptional:6|Flawless:6|Radiant:6"
"meso-o3-relic","Meso","O3","Meso O3 Relic","0","0","Intact|Exceptional|Flawless|Radiant","Intact:6|Exceptional:6|Flawless:6|Radiant:6"
"meso-o4-relic","Meso","O4","Meso O4 Relic","0","0","Intact|Exceptional|Flawless|Radiant","Intact:6|Exceptional:6|Flawless:6|Radiant:6"
"meso-o5-relic","Meso","O5","Meso O5 Relic","0","0","Intact|Exceptional|Flawless|Radiant","Intact:6|Exceptional:6|Flawless:6|Radiant:6"
"meso-o6-relic","Meso","O6","Meso O6 Relic","0","0","Intact|Exceptional|Flawless|Radiant","Intact:6|Exceptional:6|Flawless:6|Radiant:6"
"meso-p1-relic","Meso","P1","Meso P1 Relic","0","0","Intact|Exceptional|Flawless|Radiant","Intact:6|Exceptional:6|Flawless:6|Radiant:6"
"meso-p2-relic","Meso","P2","Meso P2 Relic","0","0","Intact|Exceptional|Flawless|Radiant","Intact:6|Exceptional:6|Flawless:6|Radiant:6"
"meso-p3-relic","Meso","P3","Meso P3 Relic","0","0","Intact|Exceptional|Flawless|Radiant","Intact:6|Exceptional:6|Flawless:6|Radiant:6"
"meso-p4-relic","Meso","P4","Meso P4 Relic","0","0","Intact|Exceptional|Flawless|Radiant","Intact:6|Exceptional:6|Flawless:6|Radiant:6"
"meso-p5-relic","Meso","P5","Meso P5 Relic","0","0","Intact|Exceptional|Flawless|Radiant","Intact:6|Exceptional:6|Flawless:6|Radiant:6"
"meso-p6-relic","Meso","P6","Meso P6 Relic","0","0","Intact|Exceptional|Flawless|Radiant","Intact:6|Exceptional:6|Flawless:6|Radiant:6"
"meso-p7-relic","Meso","P7","Meso P7 Relic","0","0","Intact|Exceptional|Flawless|Radiant","Intact:6|Exceptional:6|Flawless:6|Radiant:6"
"meso-p8-relic","Meso","P8","Meso P8 Relic","0","0","Intact|Exceptional|Flawless|Radiant","Intact:6|Exceptional:6|Flawless:6|Radiant:6"
"meso-p9-relic","Meso","P9","Meso P9 Relic","0","0","Intact|Exceptional|Flawless|Radiant","Intact:6|Exceptional:6|Flawless:6|Radiant:6"
"meso-p10-relic","Meso","P10","Meso P10 Relic","0","0","Intact|Exceptional|Flawless|Radiant","Intact:6|Exceptional:6|Flawless:6|Radiant:6"
"meso-p11-relic","Meso","P11","Meso P11 Relic","0","0","Intact|Exceptional|Flawless|Radiant","Intact:6|Exceptional:6|Flawless:6|Radiant:6"
"meso-p12-relic","Meso","P12","Meso P12 Relic","0","0","Intact|Exceptional|Flawless|Radiant","Intact:6|Exceptional:6|Flawless:6|Radiant:6"
"meso-p13-relic","Meso","P13","Meso P13 Relic","0","0","Intact|Exceptional|Flawless|Radiant","Intact:6|Exceptional:6|Flawless:6|Radiant:6"
"meso-p14-relic","Meso","P14","Meso P14 Relic","0","0","Intact|Exceptional|Flawless|Radiant","Intact:6|Exceptional:6|Flawless:6|Radiant:6"
"meso-p15-relic","Meso","P15","Meso P15 Relic","0","0","Intact|Exceptional|Flawless|Radiant","Intact:6|Exceptional:6|Flawless:6|Radiant:6"
"meso-p16-relic","Meso","P16","Meso P16 Relic","0","0","Intact|Exceptional|Flawless|Radiant","Intact:6|Exceptional:6|Flawless:6|Radiant:6"
"meso-r1-relic","Meso","R1","Meso R1 Relic","0","0","Intact|Exceptional|Flawless|Radiant","Intact:6|Exceptional:6|Flawless:6|Radiant:6"
"meso-r2-relic","Meso","R2","Meso R2 Relic","0","0","Intact|Exceptional|Flawless|Radiant","Intact:6|Exceptional:6|Flawless:6|Radiant:6"
"meso-r3-relic","Meso","R3","Meso R3 Relic","0","0","Intact|Exceptional|Flawless|Radiant","Intact:6|Exceptional:6|Flawless:6|Radiant:6"
"meso-r4-relic","Meso","R4","Meso R4 Relic","0","0","Intact|Exceptional|Flawless|Radiant","Intact:6|Exceptional:6|Flawless:6|Radiant:6"
"meso-r5-relic","Meso","R5","Meso R5 Relic","0","0","Intact|Exceptional|Flawless|Radiant","Intact:6|Exceptional:6|Flawless:6|Radiant:6"
"meso-r6-relic","Meso","R6","Meso R6 Relic","0","0","Intact|Exceptional|Flawless|Radiant","Intact:6|Exceptional:6|Flawless:6|Radiant:6"
"meso-s1-relic","Meso","S1","Meso S1 Relic","0","0","Intact|Exceptional|Flawless|Radiant","Intact:6|Exceptional:6|Flawless:6|Radiant:6"
"meso-s2-relic","Meso","S2","Meso S2 Relic","0","0","Intact|Exceptional|Flawless|Radiant","Intact:6|Exceptional:6|Flawless:6|Radiant:6"
"meso-s3-relic","Meso","S3","Meso S3 Relic","0","0","Intact|Exceptional|Flawless|Radiant","Intact:6|Exceptional:6|Flawless:6|Radiant:6"
"meso-s4-relic","Meso","S4","Meso S4 Relic","0","0","Intact|Exceptional|Flawless|Radiant","Intact:6|Exceptional:6|Flawless:6|Radiant:6"
"meso-s5-relic","Meso","S5","Meso S5 Relic","0","0","Intact|Exceptional|Flawless|Radiant","Intact:6|Exceptional:6|Flawless:6|Radiant:6"
"meso-s6-relic","Meso","S6","Meso S6 Relic","0","0","Intact|Exceptional|Flawless|Radiant","Intact:6|Exceptional:6|Flawless:6|Radiant:6"
"meso-s7-relic","Meso","S7","Meso S7 Relic","0","0","Intact|Exceptional|Flawless|Radiant","Intact:6|Exceptional:6|Flawless:6|Radiant:6"
"meso-s8-relic","Meso","S8","Meso S8 Relic","0","0","Intact|Exceptional|Flawless|Radiant","Intact:6|Exceptional:6|Flawless:6|Radiant:6"
"meso-s9-relic","Meso","S9","Meso S9 Relic","0","0","Intact|Exceptional|Flawless|Radiant","Intact:6|Exceptional:6|Flawless:6|Radiant:6"
"meso-s10-relic","Meso","S10","Meso S10 Relic","0","0","Intact|Exceptional|Flawless|Radiant","Intact:6|Exceptional:6|Flawless:6|Radiant:6"
"meso-s11-relic","Meso","S11","Meso S11 Relic","0","0","Intact|Exceptional|Flawless|Radiant","Intact:6|Exceptional:6|Flawless:6|Radiant:6"
"meso-s12-relic","Meso","S12","Meso S12 Relic","0","0","Intact|Exceptional|Flawless|Radiant","Intact:6|Exceptional:6|Flawless:6|Radiant:6"
"meso-s13-relic","Meso","S13","Meso S13 Relic","0","0","Intact|Exceptional|Flawless|Radiant","Intact:6|Exceptional:6|Flawless:6|Radiant:6"
"meso-s14-relic","Meso","S14","Meso S14 Relic","0","0","Intact|Exceptional|Flawless|Radiant","Intact:6|Exceptional:6|Flawless:6|Radiant:6"
"meso-s15-relic","Meso","S15","Meso S15 Relic","0","0","Intact|Exceptional|Flawless|Radiant","Intact:6|Exceptional:6|Flawless:6|Radiant:6"
"meso-t1-relic","Meso","T1","Meso T1 Relic","0","0","Intact|Exceptional|Flawless|Radiant","Intact:6|Exceptional:6|Flawless:6|Radiant:6"
"meso-t2-relic","Meso","T2","Meso T2 Relic","0","0","Intact|Exceptional|Flawless|Radiant","Intact:6|Exceptional:6|Flawless:6|Radiant:6"
"meso-t3-relic","Meso","T3","Meso T3 Relic","0","0","Intact|Exceptional|Flawless|Radiant","Intact:6|Exceptional:6|Flawless:6|Radiant:6"
"meso-t4-relic","Meso","T4","Meso T4 Relic","0","0","Intact|Exceptional|Flawless|Radiant","Intact:6|Exceptional:6|Flawless:6|Radiant:6"
"meso-t5-relic","Meso","T5","Meso T5 Relic","0","0","Intact|Exceptional|Flawless|Radiant","Intact:6|Exceptional:6|Flawless:6|Radiant:6"
"meso-t6-relic","Meso","T6","Meso T6 Relic","0","0","Intact|Exceptional|Flawless|Radiant","Intact:6|Exceptional:6|Flawless:6|Radiant:6"
"meso-t7-relic","Meso","T7","Meso T7 Relic","0","0","Intact|Exceptional|Flawless|Radiant","Intact:6|Exceptional:6|Flawless:6|Radiant:6"
"meso-t8-relic","Meso","T8","Meso T8 Relic","0","0","Intact|Exceptional|Flawless|Radiant","Intact:6|Exceptional:6|Flawless:6|Radiant:6"
"meso-v1-relic","Meso","V1","Meso V1 Relic","0","0","Intact|Exceptional|Flawless|Radiant","Intact:6|Exceptional:6|Flawless:6|Radiant:6"
"meso-v2-relic","Meso","V2","Meso V2 Relic","0","0","Intact|Exceptional|Flawless|Radiant","Intact:6|Exceptional:6|Flawless:6|Radiant:6"
"meso-v3-relic","Meso","V3","Meso V3 Relic","0","0","Intact|Exceptional|Flawless|Radiant","Intact:6|Exceptional:6|Flawless:6|Radiant:6"
"meso-v4-relic","Meso","V4","Meso V4 Relic","0","0","Intact|Exceptional|Flawless|Radiant","Intact:6|Exceptional:6|Flawless:6|Radiant:6"
"meso-v5-relic","Meso","V5","Meso V5 Relic","0","0","Intact|Exceptional|Flawless|Radiant","Intact:6|Exceptional:6|Flawless:6|Radiant:6"
"meso-v6-relic","Meso","V6","Meso V6 Relic","0","0","Intact|Exceptional|Flawless|Radiant","Intact:6|Exceptional:6|Flawless:6|Radiant:6"
"meso-v7-relic","Meso","V7","Meso V7 Relic","0","0","Intact|Exceptional|Flawless|Radiant","Intact:6|Exceptional:6|Flawless:6|Radiant:6"
"meso-v8-relic","Meso","V8","Meso V8 Relic","0","0","Intact|Exceptional|Flawless|Radiant","Intact:6|Exceptional:6|Flawless:6|Radiant:6"
"meso-v9-relic","Meso","V9","Meso V9 Relic","0","0","Intact|Exceptional|Flawless|Radiant","Intact:6|Exceptional:6|Flawless:6|Radiant:6"
"meso-v10-relic","Meso","V10","Meso V10 Relic","0","0","Intact|Exceptional|Flawless|Radiant","Intact:6|Exceptional:6|Flawless:6|Radiant:6"
"meso-v11-relic","Meso","V11","Meso V11 Relic","0","0","Intact|Exceptional|Flawless|Radiant","Intact:6|Exceptional:6|Flawless:6|Radiant:6"
"meso-v12-relic","Meso","V12","Meso V12 Relic","0","0","Intact|Exceptional|Flawless|Radiant","Intact:6|Exceptional:6|Flawless:6|Radiant:6"
"meso-w1-relic","Meso","W1","Meso W1 Relic","0","0","Intact|Exceptional|Flawless|Radiant","Intact:6|Exceptional:6|Flawless:6|Radiant:6"
"meso-w2-relic","Meso","W2","Meso W2 Relic","0","0","Intact|Exceptional|Flawless|Radiant","Intact:6|Exceptional:6|Flawless:6|Radiant:6"
"meso-w3-relic","Meso","W3","Meso W3 Relic","0","0","Intact|Exceptional|Flawless|Radiant","Intact:6|Exceptional:6|Flawless:6|Radiant:6"
"meso-w4-relic","Meso","W4","Meso W4 Relic","0","0","Intact|Exceptional|Flawless|Radiant","Intact:6|Exceptional:6|Flawless:6|Radiant:6"
"meso-w5-relic","Meso","W5","Meso W5 Relic","0","0","Intact|Exceptional|Flawless|Radiant","Intact:6|Exceptional:6|Flawless:6|Radiant:6"
"meso-z1-relic","Meso","Z1","Meso Z1 Relic","0","0","Intact|Exceptional|Flawless|Radiant","Intact:6|Exceptional:6|Flawless:6|Radiant:6"
"meso-z2-relic","Meso","Z2","Meso Z2 Relic","0","0","Intact|Exceptional|Flawless|Radiant","Intact:6|Exceptional:6|Flawless:6|Radiant:6"
"meso-z3-relic","Meso","Z3","Meso Z3 Relic","0","0","Intact|Exceptional|Flawless|Radiant","Intact:6|Exceptional:6|Flawless:6|Radiant:6"
"meso-z4-relic","Meso","Z4","Meso Z4 Relic","0","0","Intact|Exceptional|Flawless|Radiant","Intact:6|Exceptional:6|Flawless:6|Radiant:6"
"meso-z5-relic","Meso","Z5","Meso Z5 Relic","0","0","Intact|Exceptional|Flawless|Radiant","Intact:6|Exceptional:6|Flawless:6|Radiant:6"
"neo-a1-relic","Neo","A1","Neo A1 Relic","0","0","Intact|Exceptional|Flawless|Radiant","Intact:6|Exceptional:6|Flawless:6|Radiant:6"
"neo-a2-relic","Neo","A2","Neo A2 Relic","0","0","Intact|Exceptional|Flawless|Radiant","Intact:6|Exceptional:6|Flawless:6|Radiant:6"
"neo-a3-relic","Neo","A3","Neo A3 Relic","0","0","Intact|Exceptional|Flawless|Radiant","Intact:6|Exceptional:6|Flawless:6|Radiant:6"
"neo-a4-relic","Neo","A4","Neo A4 Relic","0","0","Intact|Exceptional|Flawless|Radiant","Intact:6|Exceptional:6|Flawless:6|Radiant:6"
"neo-a5-relic","Neo","A5","Neo A5 Relic","0","0","Intact|Exceptional|Flawless|Radiant","Intact:6|Exceptional:6|Flawless:6|Radiant:6"
"neo-a6-relic","Neo","A6","Neo A6 Relic","0","0","Intact|Exceptional|Flawless|Radiant","Intact:6|Exceptional:6|Flawless:6|Radiant:6"
"neo-a7-relic","Neo","A7","Neo A7 Relic","0","0","Intact|Exceptional|Flawless|Radiant","Intact:6|Exceptional:6|Flawless:6|Radiant:6"
"neo-a8-relic","Neo","A8","Neo A8 Relic","0","0","Intact|Exceptional|Flawless|Radiant","Intact:6|Exceptional:6|Flawless:6|Radiant:6"
"neo-a9-relic","Neo","A9","Neo A9 Relic","0","0","Intact|Exceptional|Flawless|Radiant","Intact:6|Exceptional:6|Flawless:6|Radiant:6"
"neo-a10-relic","Neo","A10","Neo A10 Relic","0","0","Intact|Exceptional|Flawless|Radiant","Intact:6|Exceptional:6|Flawless:6|Radiant:6"
"neo-a11-relic","Neo","A11","Neo A11 Relic","0","0","Intact|Exceptional|Flawless|Radiant","Intact:6|Exceptional:6|Flawless:6|Radiant:6"
"neo-a12-relic","Neo","A12","Neo A12 Relic","0","0","Intact|Exceptional|Flawless|Radiant","Intact:6|Exceptional:6|Flawless:6|Radiant:6"
"neo-a13-relic","Neo","A13","Neo A13 Relic","0","0","Intact|Exceptional|Flawless|Radiant","Intact:6|Exceptional:6|Flawless:6|Radiant:6"
"neo-a14-relic","Neo","A14","Neo A14 Relic","0","0","Intact|Exceptional|Flawless|Radiant","Intact:6|Exceptional:6|Flawless:6|Radiant:6"
"neo-a15-relic","Neo","A15","Neo A15 Relic","0","0","Intact|Exceptional|Flawless|Radiant","Intact:6|Exceptional:6|Flawless:6|Radiant:6"
"neo-b1-relic","Neo","B1","Neo B1 Relic","0","0","Intact|Exceptional|Flawless|Radiant","Intact:6|Exceptional:6|Flawless:6|Radiant:6"
"neo-b2-relic","Neo","B2","Neo B2 Relic","0","0","Intact|Exceptional|Flawless|Radiant","Intact:6|Exceptional:6|Flawless:6|Radiant:6"
"neo-b3-relic","Neo","B3","Neo B3 Relic","0","0","Intact|Exceptional|Flawless|Radiant","Intact:6|Exceptional:6|Flawless:6|Radiant:6"
"neo-b4-relic","Neo","B4","Neo B4 Relic","0","0","Intact|Exceptional|Flawless|Radiant","Intact:6|Exceptional:6|Flawless:6|Radiant:6"
"neo-b5-relic","Neo","B5","Neo B5 Relic","0","0","Intact|Exceptional|Flawless|Radiant","Intact:6|Exceptional:6|Flawless:6|Radiant:6"
"neo-b6-relic","Neo","B6","Neo B6 Relic","0","0","Intact|Exceptional|Flawless|Radiant","Intact:6|Exceptional:6|Flawless:6|Radiant:6"
"neo-b7-relic","Neo","B7","Neo B7 Relic","0","0","Intact|Exceptional|Flawless|Radiant","Intact:6|Exceptional:6|Flawless:6|Radiant:6"
"neo-b8-relic","Neo","B8","Neo B8 Relic","0","0","Intact|Exceptional|Flawless|Radiant","Intact:6|Exceptional:6|Flawless:6|Radiant:6"
"neo-b9-relic","Neo","B9","Neo B9 Relic","0","0","Intact|Exceptional|Flawless|Radiant","Intact:6|Exceptional:6|Flawless:6|Radiant:6"
"neo-c1-relic","Neo","C1","Neo C1 Relic","0","0","Intact|Exceptional|Flawless|Radiant","Intact:6|Exceptional:6|Flawless:6|Radiant:6"
"neo-c2-relic","Neo","C2","Neo C2 Relic","0","0","Intact|Exceptional|Flawless|Radiant","Intact:6|Exceptional:6|Flawless:6|Radiant:6"
"neo-c3-relic","Neo","C3","Neo C3 Relic","0","0","Intact|Exceptional|Flawless|Radiant","Intact:6|Exceptional:6|Flawless:6|Radiant:6"
"neo-c4-relic","Neo","C4","Neo C4 Relic","0","0","Intact|Exceptional|Flawless|Radiant","Intact:6|Exceptional:6|Flawless:6|Radiant:6"
"neo-c5-relic","Neo","C5","Neo C5 Relic","0","0","Intact|Exceptional|Flawless|Radiant","Intact:6|Exceptional:6|Flawless:6|Radiant:6"
"neo-c6-relic","Neo","C6","Neo C6 Relic","0","0","Intact|Exceptional|Flawless|Radiant","Intact:6|Exceptional:6|Flawless:6|Radiant:6"
"neo-d1-relic","Neo","D1","Neo D1 Relic","0","0","Intact|Exceptional|Flawless|Radiant","Intact:6|Exceptional:6|Flawless:6|Radiant:6"
"neo-d2-relic","Neo","D2","Neo D2 Relic","0","0","Intact|Exceptional|Flawless|Radiant","Intact:6|Exceptional:6|Flawless:6|Radiant:6"
"neo-d3-relic","Neo","D3","Neo D3 Relic","0","0","Intact|Exceptional|Flawless|Radiant","Intact:6|Exceptional:6|Flawless:6|Radiant:6"
"neo-d4-relic","Neo","D4","Neo D4 Relic","0","0","Intact|Exceptional|Flawless|Radiant","Intact:6|Exceptional:6|Flawless:6|Radiant:6"
"neo-d5-relic","Neo","D5","Neo D5 Relic","0","0","Intact|Exceptional|Flawless|Radiant","Intact:6|Exceptional:6|Flawless:6|Radiant:6"
"neo-d6-relic","Neo","D6","Neo D6 Relic","0","0","Intact|Exceptional|Flawless|Radiant","Intact:6|Exceptional:6|Flawless:6|Radiant:6"
"neo-d7-relic","Neo","D7","Neo D7 Relic","0","0","Intact|Exceptional|Flawless|Radiant","Intact:6|Exceptional:6|Flawless:6|Radiant:6"
"neo-d8-relic","Neo","D8","Neo D8 Relic","0","0","Intact|Exceptional|Flawless|Radiant","Intact:6|Exceptional:6|Flawless:6|Radiant:6"
"neo-d9-relic","Neo","D9","Neo D9 Relic","0","0","Intact|Exceptional|Flawless|Radiant","Intact:6|Exceptional:6|Flawless:6|Radiant:6"
"neo-d10-relic","Neo","D10","Neo D10 Relic","0","0","Intact|Exceptional|Flawless|Radiant","Intact:6|Exceptional:6|Flawless:6|Radiant:6"
"neo-e1-relic","Neo","E1","Neo E1 Relic","0","0","Intact|Exceptional|Flawless|Radiant","Intact:6|Exceptional:6|Flawless:6|Radiant:6"
"neo-e2-relic","Neo","E2","Neo E2 Relic","0","0","Intact|Exceptional|Flawless|Radiant","Intact:6|Exceptional:6|Flawless:6|Radiant:6"
"neo-e3-relic","Neo","E3","Neo E3 Relic","0","0","Intact|Exceptional|Flawless|Radiant","Intact:6|Exceptional:6|Flawless:6|Radiant:6"
"neo-e4-relic","Neo","E4","Neo E4 Relic","0","0","Intact|Exceptional|Flawless|Radiant","Intact:6|Exceptional:6|Flawless:6|Radiant:6"
"neo-f1-relic","Neo","F1","Neo F1 Relic","0","0","Intact|Exceptional|Flawless|Radiant","Intact:6|Exceptional:6|Flawless:6|Radiant:6"
"neo-f2-relic","Neo","F2","Neo F2 Relic","0","0","Intact|Exceptional|Flawless|Radiant","Intact:6|Exceptional:6|Flawless:6|Radiant:6"
"neo-f3-relic","Neo","F3","Neo F3 Relic","0","0","Intact|Exceptional|Flawless|Radiant","Intact:6|Exceptional:6|Flawless:6|Radiant:6"
"neo-g1-relic","Neo","G1","Neo G1 Relic","0","0","Intact|Exceptional|Flawless|Radiant","Intact:6|Exceptional:6|Flawless:6|Radiant:6"
"neo-g2-relic","Neo","G2","Neo G2 Relic","0","0","Intact|Exceptional|Flawless|Radiant","Intact:6|Exceptional:6|Flawless:6|Radiant:6"
"neo-g3-relic","Neo","G3","Neo G3 Relic","0","0","Intact|Exceptional|Flawless|Radiant","Intact:6|Exceptional:6|Flawless:6|Radiant:6"
"neo-g4-relic","Neo","G4","Neo G4 Relic","0","0","Intact|Exceptional|Flawless|Radiant","Intact:6|Exceptional:6|Flawless:6|Radiant:6"
"neo-g5-relic","Neo","G5","Neo G5 Relic","0","0","Intact|Exceptional|Flawless|Radiant","Intact:6|Exceptional:6|Flawless:6|Radiant:6"
"neo-g6-relic","Neo","G6","Neo G6 Relic","0","0","Intact|Exceptional|Flawless|Radiant","Intact:6|Exceptional:6|Flawless:6|Radiant:6"
"neo-g7-relic","Neo","G7","Neo G7 Relic","0","0","Intact|Exceptional|Flawless|Radiant","Intact:6|Exceptional:6|Flawless:6|Radiant:6"
"neo-g8-relic","Neo","G8","Neo G8 Relic","0","0","Intact|Exceptional|Flawless|Radiant","Intact:6|Exceptional:6|Flawless:6|Radiant:6"
"neo-g9-relic","Neo","G9","Neo G9 Relic","0","0","Intact|Exceptional|Flawless|Radiant","Intact:6|Exceptional:6|Flawless:6|Radiant:6"
"neo-h1-relic","Neo","H1","Neo H1 Relic","0","0","Intact|Exceptional|Flawless|Radiant","Intact:6|Exceptional:6|Flawless:6|Radiant:6"
"neo-h2-relic","Neo","H2","Neo H2 Relic","0","0","Intact|Exceptional|Flawless|Radiant","Intact:6|Exceptional:6|Flawless:6|Radiant:6"
"neo-h3-relic","Neo","H3","Neo H3 Relic","0","0","Intact|Exceptional|Flawless|Radiant","Intact:6|Exceptional:6|Flawless:6|Radiant:6"
"neo-i1-relic","Neo","I1","Neo I1 Relic","0","0","Intact|Exceptional|Flawless|Radiant","Intact:6|Exceptional:6|Flawless:6|Radiant:6"
"neo-i2-relic","Neo","I2","Neo I2 Relic","0","0","Intact|Exceptional|Flawless|Radiant","Intact:6|Exceptional:6|Flawless:6|Radiant:6"
"neo-i3-relic","Neo","I3","Neo I3 Relic","0","0","Intact|Exceptional|Flawless|Radiant","Intact:6|Exceptional:6|Flawless:6|Radiant:6"
"neo-k1-relic","Neo","K1","Neo K1 Relic","0","0","Intact|Exceptional|Flawless|Radiant","Intact:6|Exceptional:6|Flawless:6|Radiant:6"
"neo-k2-relic","Neo","K2","Neo K2 Relic","0","0","Intact|Exceptional|Flawless|Radiant","Intact:6|Exceptional:6|Flawless:6|Radiant:6"
"neo-k3-relic","Neo","K3","Neo K3 Relic","0","0","Intact|Exceptional|Flawless|Radiant","Intact:6|Exceptional:6|Flawless:6|Radiant:6"
"neo-k4-relic","Neo","K4","Neo K4 Relic","0","0","Intact|Exceptional|Flawless|Radiant","Intact:6|Exceptional:6|Flawless:6|Radiant:6"
"neo-k5-relic","Neo","K5","Neo K5 Relic","0","0","Intact|Exceptional|Flawless|Radiant","Intact:6|Exceptional:6|Flawless:6|Radiant:6"
"neo-k6-relic","Neo","K6","Neo K6 Relic","0","0","Intact|Exceptional|Flawless|Radiant","Intact:6|Exceptional:6|Flawless:6|Radiant:6"
"neo-k7-relic","Neo","K7","Neo K7 Relic","0","0","Intact|Exceptional|Flawless|Radiant","Intact:6|Exceptional:6|Flawless:6|Radiant:6"
"neo-k8-relic","Neo","K8","Neo K8 Relic","0","0","Intact|Exceptional|Flawless|Radiant","Intact:6|Exceptional:6|Flawless:6|Radiant:6"
"neo-l1-relic","Neo","L1","Neo L1 Relic","0","0","Intact|Exceptional|Flawless|Radiant","Intact:6|Exceptional:6|Flawless:6|Radiant:6"
"neo-l2-relic","Neo","L2","Neo L2 Relic","0","0","Intact|Exceptional|Flawless|Radiant","Intact:6|Exceptional:6|Flawless:6|Radiant:6"
"neo-l3-relic","Neo","L3","Neo L3 Relic","0","0","Intact|Exceptional|Flawless|Radiant","Intact:6|Exceptional:6|Flawless:6|Radiant:6"
"neo-l4-relic","Neo","L4","Neo L4 Relic","0","0","Intact|Exceptional|Flawless|Radiant","Intact:6|Exceptional:6|Flawless:6|Radiant:6"
"neo-m1-relic","Neo","M1","Neo M1 Relic","0","0","Intact|Exceptional|Flawless|Radiant","Intact:6|Exceptional:6|Flawless:6|Radiant:6"
"neo-m2-relic","Neo","M2","Neo M2 Relic","0","0","Intact|Exceptional|Flawless|Radiant","Intact:6|Exceptional:6|Flawless:6|Radiant:6"
"neo-m3-relic","Neo","M3","Neo M3 Relic","0","0","Intact|Exceptional|Flawless|Radiant","Intact:6|Exceptional:6|Flawless:6|Radiant:6"
"neo-m4-relic","Neo","M4","Neo M4 Relic","0","0","Intact|Exceptional|Flawless|Radiant","Intact:6|Exceptional:6|Flawless:6|Radiant:6"
"neo-m5-relic","Neo","M5","Neo M5 Relic","0","0","Intact|Exceptional|Flawless|Radiant","Intact:6|Exceptional:6|Flawless:6|Radiant:6"
"neo-n1-relic","Neo","N1","Neo N1 Relic","0","0","Intact|Exceptional|Flawless|Radiant","Intact:6|Exceptional:6|Flawless:6|Radiant:6"
"neo-n2-relic","Neo","N2","Neo N2 Relic","0","0","Intact|Exceptional|Flawless|Radiant","Intact:6|Exceptional:6|Flawless:6|Radiant:6"
"neo-n3-relic","Neo","N3","Neo N3 Relic","0","0","Intact|Exceptional|Flawless|Radiant","Intact:6|Exceptional:6|Flawless:6|Radiant:6"
"neo-n4-relic","Neo","N4","Neo N4 Relic","0","0","Intact|Exceptional|Flawless|Radiant","Intact:6|Exceptional:6|Flawless:6|Radiant:6"
"neo-n5-relic","Neo","N5","Neo N5 Relic","0","0","Intact|Exceptional|Flawless|Radiant","Intact:6|Exceptional:6|Flawless:6|Radiant:6"
"neo-n6-relic","Neo","N6","Neo N6 Relic","0","0","Intact|Exceptional|Flawless|Radiant","Intact:6|Exceptional:6|Flawless:6|Radiant:6"
"neo-n7-relic","Neo","N7","Neo N7 Relic","0","0","Intact|Exceptional|Flawless|Radiant","Intact:6|Exceptional:6|Flawless:6|Radiant:6"
"neo-n8-relic","Neo","N8","Neo N8 Relic","0","0","Intact|Exceptional|Flawless|Radiant","Intact:6|Exceptional:6|Flawless:6|Radiant:6"
"neo-n9-relic","Neo","N9","Neo N9 Relic","0","0","Intact|Exceptional|Flawless|Radiant","Intact:6|Exceptional:6|Flawless:6|Radiant:6"
"neo-n10-relic","Neo","N10","Neo N10 Relic","0","0","Intact|Exceptional|Flawless|Radiant","Intact:6|Exceptional:6|Flawless:6|Radiant:6"
"neo-n11-relic","Neo","N11","Neo N11 Relic","0","0","Intact|Exceptional|Flawless|Radiant","Intact:6|Exceptional:6|Flawless:6|Radiant:6"
"neo-n12-relic","Neo","N12","Neo N12 Relic","0","0","Intact|Exceptional|Flawless|Radiant","Intact:6|Exceptional:6|Flawless:6|Radiant:6"
"neo-n13-relic","Neo","N13","Neo N13 Relic","0","0","Intact|Exceptional|Flawless|Radiant","Intact:6|Exceptional:6|Flawless:6|Radiant:6"
"neo-n14-relic","Neo","N14","Neo N14 Relic","0","0","Intact|Exceptional|Flawless|Radiant","Intact:6|Exceptional:6|Flawless:6|Radiant:6"
"neo-n15-relic","Neo","N15","Neo N15 Relic","0","0","Intact|Exceptional|Flawless|Radiant","Intact:6|Exceptional:6|Flawless:6|Radiant:6"
"neo-n16-relic","Neo","N16","Neo N16 Relic","0","0","Intact|Exceptional|Flawless|Radiant","Intact:6|Exceptional:6|Flawless:6|Radiant:6"
"neo-n17-relic","Neo","N17","Neo N17 Relic","0","0","Intact|Exceptional|Flawless|Radiant","Intact:6|Exceptional:6|Flawless:6|Radiant:6"
"neo-n18-relic","Neo","N18","Neo N18 Relic","0","0","Intact|Exceptional|Flawless|Radiant","Intact:6|Exceptional:6|Flawless:6|Radiant:6"
"neo-n19-relic","Neo","N19","Neo N19 Relic","0","0","Intact|Exceptional|Flawless|Radiant","Intact:6|Exceptional:6|Flawless:6|Radiant:6"
"neo-n20-relic","Neo","N20","Neo N20 Relic","0","0","Intact|Exceptional|Flawless|Radiant","Intact:6|Exceptional:6|Flawless:6|Radiant:6"
"neo-n21-relic","Neo","N21","Neo N21 Relic","0","0","Intact|Exceptional|Flawless|Radiant","Intact:6|Exceptional:6|Flawless:6|Radiant:6"
"neo-n22-relic","Neo","N22","Neo N22 Relic","0","0","Intact|Exceptional|Flawless|Radiant","Intact:6|Exceptional:6|Flawless:6|Radiant:6"
"neo-n23-relic","Neo","N23","Neo N23 Relic","0","0","Intact|Exceptional|Flawless|Radiant","Intact:6|Exceptional:6|Flawless:6|Radiant:6"
"neo-o1-relic","Neo","O1","Neo O1 Relic","0","0","Intact|Exceptional|Flawless|Radiant","Intact:6|Exceptional:6|Flawless:6|Radiant:6"
"neo-o2-relic","Neo","O2","Neo O2 Relic","0","0","Intact|Exceptional|Flawless|Radiant","Intact:6|Exceptional:6|Flawless:6|Radiant:6"
"neo-p1-relic","Neo","P1","Neo P1 Relic","0","0","Intact|Exceptional|Flawless|Radiant","Intact:6|Exceptional:6|Flawless:6|Radiant:6"
"neo-p2-relic","Neo","P2","Neo P2 Relic","0","0","Intact|Exceptional|Flawless|Radiant","Intact:6|Exceptional:6|Flawless:6|Radiant:6"
"neo-p3-relic","Neo","P3","Neo P3 Relic","0","0","Intact|Exceptional|Flawless|Radiant","Intact:6|Exceptional:6|Flawless:6|Radiant:6"
"neo-p4-relic","Neo","P4","Neo P4 Relic","0","0","Intact|Exceptional|Flawless|Radiant","Intact:6|Exceptional:6|Flawless:6|Radiant:6"
"neo-p5-relic","Neo","P5","Neo P5 Relic","0","0","Intact|Exceptional|Flawless|Radiant","Intact:6|Exceptional:6|Flawless:6|Radiant:6"
"neo-p6-relic","Neo","P6","Neo P6 Relic","0","0","Intact|Exceptional|Flawless|Radiant","Intact:6|Exceptional:6|Flawless:6|Radiant:6"
"neo-p7-relic","Neo","P7","Neo P7 Relic","0","0","Intact|Exceptional|Flawless|Radiant","Intact:6|Exceptional:6|Flawless:6|Radiant:6"
"neo-p8-relic","Neo","P8","Neo P8 Relic","0","0","Intact|Exceptional|Flawless|Radiant","Intact:6|Exceptional:6|Flawless:6|Radiant:6"
"neo-q1-relic","Neo","Q1","Neo Q1 Relic","0","0","Intact|Exceptional|Flawless|Radiant","Intact:6|Exceptional:6|Flawless:6|Radiant:6"
"neo-r1-relic","Neo","R1","Neo R1 Relic","0","0","Intact|Exceptional|Flawless|Radiant","Intact:6|Exceptional:6|Flawless:6|Radiant:6"
"neo-r2-relic","Neo","R2","Neo R2 Relic","0","0","Intact|Exceptional|Flawless|Radiant","Intact:6|Exceptional:6|Flawless:6|Radiant:6"
"neo-r3-relic","Neo","R3","Neo R3 Relic","0","0","Intact|Exceptional|Flawless|Radiant","Intact:6|Exceptional:6|Flawless:6|Radiant:6"
"neo-r4-relic","Neo","R4","Neo R4 Relic","0","0","Intact|Exceptional|Flawless|Radiant","Intact:6|Exceptional:6|Flawless:6|Radiant:6"
"neo-r5-relic","Neo","R5","Neo R5 Relic","0","0","Intact|Exceptional|Flawless|Radiant","Intact:6|Exceptional:6|Flawless:6|Radiant:6"
"neo-s1-relic","Neo","S1","Neo S1 Relic","0","0","Intact|Exceptional|Flawless|Radiant","Intact:6|Exceptional:6|Flawless:6|Radiant:6"
"neo-s2-relic","Neo","S2","Neo S2 Relic","0","0","Intact|Exceptional|Flawless|Radiant","Intact:6|Exceptional:6|Flawless:6|Radiant:6"
"neo-s3-relic","Neo","S3","Neo S3 Relic","0","0","Intact|Exceptional|Flawless|Radiant","Intact:6|Exceptional:6|Flawless:6|Radiant:6"
"neo-s5-relic","Neo","S5","Neo S5 Relic","0","0","Intact|Exceptional|Flawless|Radiant","Intact:6|Exceptional:6|Flawless:6|Radiant:6"
"neo-s6-relic","Neo","S6","Neo S6 Relic","0","0","Intact|Exceptional|Flawless|Radiant","Intact:6|Exceptional:6|Flawless:6|Radiant:6"
"neo-s7-relic","Neo","S7","Neo S7 Relic","0","0","Intact|Exceptional|Flawless|Radiant","Intact:6|Exceptional:6|Flawless:6|Radiant:6"
"neo-s8-relic","Neo","S8","Neo S8 Relic","0","0","Intact|Exceptional|Flawless|Radiant","Intact:6|Exceptional:6|Flawless:6|Radiant:6"
"neo-s9-relic","Neo","S9","Neo S9 Relic","0","0","Intact|Exceptional|Flawless|Radiant","Intact:6|Exceptional:6|Flawless:6|Radiant:6"
"neo-s10-relic","Neo","S10","Neo S10 Relic","0","0","Intact|Exceptional|Flawless|Radiant","Intact:6|Exceptional:6|Flawless:6|Radiant:6"
"neo-s11-relic","Neo","S11","Neo S11 Relic","0","0","Intact|Exceptional|Flawless|Radiant","Intact:6|Exceptional:6|Flawless:6|Radiant:6"
"neo-s12-relic","Neo","S12","Neo S12 Relic","0","0","Intact|Exceptional|Flawless|Radiant","Intact:6|Exceptional:6|Flawless:6|Radiant:6"
"neo-s13-relic","Neo","S13","Neo S13 Relic","0","0","Intact|Exceptional|Flawless|Radiant","Intact:6|Exceptional:6|Flawless:6|Radiant:6"
"neo-s14-relic","Neo","S14","Neo S14 Relic","0","0","Intact|Exceptional|Flawless|Radiant","Intact:6|Exceptional:6|Flawless:6|Radiant:6"
"neo-s15-relic","Neo","S15","Neo S15 Relic","0","0","Intact|Exceptional|Flawless|Radiant","Intact:6|Exceptional:6|Flawless:6|Radiant:6"
"neo-s16-relic","Neo","S16","Neo S16 Relic","0","0","Intact|Exceptional|Flawless|Radiant","Intact:6|Exceptional:6|Flawless:6|Radiant:6"
"neo-s17-relic","Neo","S17","Neo S17 Relic","0","0","Intact|Exceptional|Flawless|Radiant","Intact:6|Exceptional:6|Flawless:6|Radiant:6"
"neo-s18-relic","Neo","S18","Neo S18 Relic","0","0","Intact|Exceptional|Flawless|Radiant","Intact:6|Exceptional:6|Flawless:6|Radiant:6"
"neo-s19-relic","Neo","S19","Neo S19 Relic","0","0","Intact|Exceptional|Flawless|Radiant","Intact:6|Exceptional:6|Flawless:6|Radiant:6"
"neo-t1-relic","Neo","T1","Neo T1 Relic","0","0","Intact|Exceptional|Flawless|Radiant","Intact:6|Exceptional:6|Flawless:6|Radiant:6"
"neo-t2-relic","Neo","T2","Neo T2 Relic","0","0","Intact|Exceptional|Flawless|Radiant","Intact:6|Exceptional:6|Flawless:6|Radiant:6"
"neo-t3-relic","Neo","T3","Neo T3 Relic","0","0","Intact|Exceptional|Flawless|Radiant","Intact:6|Exceptional:6|Flawless:6|Radiant:6"
"neo-t4-relic","Neo","T4","Neo T4 Relic","0","0","Intact|Exceptional|Flawless|Radiant","Intact:6|Exceptional:6|Flawless:6|Radiant:6"
"neo-t5-relic","Neo","T5","Neo T5 Relic","0","0","Intact|Exceptional|Flawless|Radiant","Intact:6|Exceptional:6|Flawless:6|Radiant:6"
"neo-t6-relic","Neo","T6","Neo T6 Relic","0","0","Intact|Exceptional|Flawless|Radiant","Intact:6|Exceptional:6|Flawless:6|Radiant:6"
"neo-t7-relic","Neo","T7","Neo T7 Relic","0","0","Intact|Exceptional|Flawless|Radiant","Intact:6|Exceptional:6|Flawless:6|Radiant:6"
"neo-t8-relic","Neo","T8","Neo T8 Relic","0","0","Intact|Exceptional|Flawless|Radiant","Intact:6|Exceptional:6|Flawless:6|Radiant:6"
"neo-t9-relic","Neo","T9","Neo T9 Relic","0","0","Intact|Exceptional|Flawless|Radiant","Intact:6|Exceptional:6|Flawless:6|Radiant:6"
"neo-v1-relic","Neo","V1","Neo V1 Relic","0","0","Intact|Exceptional|Flawless|Radiant","Intact:6|Exceptional:6|Flawless:6|Radiant:6"
"neo-v2-relic","Neo","V2","Neo V2 Relic","0","0","Intact|Exceptional|Flawless|Radiant","Intact:6|Exceptional:6|Flawless:6|Radiant:6"
"neo-v3-relic","Neo","V3","Neo V3 Relic","0","0","Intact|Exceptional|Flawless|Radiant","Intact:6|Exceptional:6|Flawless:6|Radiant:6"
"neo-v4-relic","Neo","V4","Neo V4 Relic","0","0","Intact|Exceptional|Flawless|Radiant","Intact:6|Exceptional:6|Flawless:6|Radiant:6"
"neo-v5-relic","Neo","V5","Neo V5 Relic","0","0","Intact|Exceptional|Flawless|Radiant","Intact:6|Exceptional:6|Flawless:6|Radiant:6"
"neo-v6-relic","Neo","V6","Neo V6 Relic","0","0","Intact|Exceptional|Flawless|Radiant","Intact:6|Exceptional:6|Flawless:6|Radiant:6"
"neo-v7-relic","Neo","V7","Neo V7 Relic","0","0","Intact|Exceptional|Flawless|Radiant","Intact:6|Exceptional:6|Flawless:6|Radiant:6"
"neo-v8-relic","Neo","V8","Neo V8 Relic","0","0","Intact|Exceptional|Flawless|Radiant","Intact:6|Exceptional:6|Flawless:6|Radiant:6"
"neo-v9-relic","Neo","V9","Neo V9 Relic","0","0","Intact|Exceptional|Flawless|Radiant","Intact:6|Exceptional:6|Flawless:6|Radiant:6"
"neo-v10-relic","Neo","V10","Neo V10 Relic","0","0","Intact|Exceptional|Flawless|Radiant","Intact:6|Exceptional:6|Flawless:6|Radiant:6"
"neo-w1-relic","Neo","W1","Neo W1 Relic","0","0","Intact|Exceptional|Flawless|Radiant","Intact:6|Exceptional:6|Flawless:6|Radiant:6"
"neo-w2-relic","Neo","W2","Neo W2 Relic","0","0","Intact|Exceptional|Flawless|Radiant","Intact:6|Exceptional:6|Flawless:6|Radiant:6"
"neo-x1-relic","Neo","X1","Neo X1 Relic","0","0","Intact|Exceptional|Flawless|Radiant","Intact:6|Exceptional:6|Flawless:6|Radiant:6"
"neo-z1-relic","Neo","Z1","Neo Z1 Relic","0","0","Intact|Exceptional|Flawless|Radiant","Intact:6|Exceptional:6|Flawless:6|Radiant:6"
"neo-z2-relic","Neo","Z2","Neo Z2 Relic","0","0","Intact|Exceptional|Flawless|Radiant","Intact:6|Exceptional:6|Flawless:6|Radiant:6"
"neo-z3-relic","Neo","Z3","Neo Z3 Relic","0","0","Intact|Exceptional|Flawless|Radiant","Intact:6|Exceptional:6|Flawless:6|Radiant:6"
"neo-z4-relic","Neo","Z4","Neo Z4 Relic","0","0","Intact|Exceptional|Flawless|Radiant","Intact:6|Exceptional:6|Flawless:6|Radiant:6"
"neo-z5-relic","Neo","Z5","Neo Z5 Relic","0","0","Intact|Exceptional|Flawless|Radiant","Intact:6|Exceptional:6|Flawless:6|Radiant:6"
"neo-z6-relic","Neo","Z6","Neo Z6 Relic","0","0","Intact|Exceptional|Flawless|Radiant","Intact:6|Exceptional:6|Flawless:6|Radiant:6"
"neo-z7-relic","Neo","Z7","Neo Z7 Relic","0","0","Intact|Exceptional|Flawless|Radiant","Intact:6|Exceptional:6|Flawless:6|Radiant:6"
"neo-z8-relic","Neo","Z8","Neo Z8 Relic","0","0","Intact|Exceptional|Flawless|Radiant","Intact:6|Exceptional:6|Flawless:6|Radiant:6"
"neo-z9-relic","Neo","Z9","Neo Z9 Relic","0","0","Intact|Exceptional|Flawless|Radiant","Intact:6|Exceptional:6|Flawless:6|Radiant:6"
"neo-z10-relic","Neo","Z10","Neo Z10 Relic","0","0","Intact|Exceptional|Flawless|Radiant","Intact:6|Exceptional:6|Flawless:6|Radiant:6"
"neo-z11-relic","Neo","Z11","Neo Z11 Relic","0","0","Intact|Exceptional|Flawless|Radiant","Intact:6|Exceptional:6|Flawless:6|Radiant:6"
"axi-a1-relic","Axi","A1","Axi A1 Relic","0","0","Intact|Exceptional|Flawless|Radiant","Intact:6|Exceptional:6|Flawless:6|Radiant:6"
"axi-a2-relic","Axi","A2","Axi A2 Relic","0","0","Intact|Exceptional|Flawless|Radiant","Intact:6|Exceptional:6|Flawless:6|Radiant:6"
"axi-a3-relic","Axi","A3","Axi A3 Relic","0","0","Intact|Exceptional|Flawless|Radiant","Intact:6|Exceptional:6|Flawless:6|Radiant:6"
"axi-a4-relic","Axi","A4","Axi A4 Relic","0","0","Intact|Exceptional|Flawless|Radiant","Intact:6|Exceptional:6|Flawless:6|Radiant:6"
"axi-a5-relic","Axi","A5","Axi A5 Relic","0","0","Intact|Exceptional|Flawless|Radiant","Intact:6|Exceptional:6|Flawless:6|Radiant:6"
"axi-a6-relic","Axi","A6","Axi A6 Relic","0","0","Intact|Exceptional|Flawless|Radiant","Intact:6|Exceptional:6|Flawless:6|Radiant:6"
"axi-a7-relic","Axi","A7","Axi A7 Relic","0","0","Intact|Exceptional|Flawless|Radiant","Intact:6|Exceptional:6|Flawless:6|Radiant:6"
"axi-a8-relic","Axi","A8","Axi A8 Relic","0","0","Intact|Exceptional|Flawless|Radiant","Intact:6|Exceptional:6|Flawless:6|Radiant:6"
"axi-a9-relic","Axi","A9","Axi A9 Relic","0","0","Intact|Exceptional|Flawless|Radiant","Intact:6|Exceptional:6|Flawless:6|Radiant:6"
"axi-a10-relic","Axi","A10","Axi A10 Relic","0","0","Intact|Exceptional|Flawless|Radiant","Intact:6|Exceptional:6|Flawless:6|Radiant:6"
"axi-a11-relic","Axi","A11","Axi A11 Relic","0","0","Intact|Exceptional|Flawless|Radiant","Intact:6|Exceptional:6|Flawless:6|Radiant:6"
"axi-a12-relic","Axi","A12","Axi A12 Relic","0","0","Intact|Exceptional|Flawless|Radiant","Intact:6|Exceptional:6|Flawless:6|Radiant:6"
"axi-a13-relic","Axi","A13","Axi A13 Relic","0","0","Intact|Exceptional|Flawless|Radiant","Intact:6|Exceptional:6|Flawless:6|Radiant:6"
"axi-a14-relic","Axi","A14","Axi A14 Relic","0","0","Intact|Exceptional|Flawless|Radiant","Intact:6|Exceptional:6|Flawless:6|Radiant:6"
"axi-a15-relic","Axi","A15","Axi A15 Relic","0","0","Intact|Exceptional|Flawless|Radiant","Intact:6|Exceptional:6|Flawless:6|Radiant:6"
"axi-a16-relic","Axi","A16","Axi A16 Relic","0","0","Intact|Exceptional|Flawless|Radiant","Intact:6|Exceptional:6|Flawless:6|Radiant:6"
"axi-a17-relic","Axi","A17","Axi A17 Relic","0","0","Intact|Exceptional|Flawless|Radiant","Intact:6|Exceptional:6|Flawless:6|Radiant:6"
"axi-a18-relic","Axi","A18","Axi A18 Relic","0","0","Intact|Exceptional|Flawless|Radiant","Intact:6|Exceptional:6|Flawless:6|Radiant:6"
"axi-a19-relic","Axi","A19","Axi A19 Relic","0","0","Intact|Exceptional|Flawless|Radiant","Intact:6|Exceptional:6|Flawless:6|Radiant:6"
"axi-b1-relic","Axi","B1","Axi B1 Relic","0","0","Intact|Exceptional|Flawless|Radiant","Intact:6|Exceptional:6|Flawless:6|Radiant:6"
"axi-b2-relic","Axi","B2","Axi B2 Relic","0","0","Intact|Exceptional|Flawless|Radiant","Intact:6|Exceptional:6|Flawless:6|Radiant:6"
"axi-b3-relic","Axi","B3","Axi B3 Relic","0","0","Intact|Exceptional|Flawless|Radiant","Intact:6|Exceptional:6|Flawless:6|Radiant:6"
"axi-b4-relic","Axi","B4","Axi B4 Relic","0","0","Intact|Exceptional|Flawless|Radiant","Intact:6|Exceptional:6|Flawless:6|Radiant:6"
"axi-b5-relic","Axi","B5","Axi B5 Relic","0","0","Intact|Exceptional|Flawless|Radiant","Intact:6|Exceptional:6|Flawless:6|Radiant:6"
"axi-b6-relic","Axi","B6","Axi B6 Relic","0","0","Intact|Exceptional|Flawless|Radiant","Intact:6|Exceptional:6|Flawless:6|Radiant:6"
"axi-b7-relic","Axi","B7","Axi B7 Relic","0","0","Intact|Exceptional|Flawless|Radiant","Intact:6|Exceptional:6|Flawless:6|Radiant:6"
"axi-b8-relic","Axi","B8","Axi B8 Relic","0","0","Intact|Exceptional|Flawless|Radiant","Intact:6|Exceptional:6|Flawless:6|Radiant:6"
"axi-b9-relic","Axi","B9","Axi B9 Relic","0","0","Intact|Exceptional|Flawless|Radiant","Intact:6|Exceptional:6|Flawless:6|Radiant:6"
"axi-c1-relic","Axi","C1","Axi C1 Relic","0","0","Intact|Exceptional|Flawless|Radiant","Intact:6|Exceptional:6|Flawless:6|Radiant:6"
"axi-c2-relic","Axi","C2","Axi C2 Relic","0","0","Intact|Exceptional|Flawless|Radiant","Intact:6|Exceptional:6|Flawless:6|Radiant:6"
"axi-c3-relic","Axi","C3","Axi C3 Relic","0","0","Intact|Exceptional|Flawless|Radiant","Intact:6|Exceptional:6|Flawless:6|Radiant:6"
"axi-c4-relic","Axi","C4","Axi C4 Relic","0","0","Intact|Exceptional|Flawless|Radiant","Intact:6|Exceptional:6|Flawless:6|Radiant:6"
"axi-c5-relic","Axi","C5","Axi C5 Relic","0","0","Intact|Exceptional|Flawless|Radiant","Intact:6|Exceptional:6|Flawless:6|Radiant:6"
"axi-c6-relic","Axi","C6","Axi C6 Relic","0","0","Intact|Exceptional|Flawless|Radiant","Intact:6|Exceptional:6|Flawless:6|Radiant:6"
"axi-c7-relic","Axi","C7","Axi C7 Relic","0","0","Intact|Exceptional|Flawless|Radiant","Intact:6|Exceptional:6|Flawless:6|Radiant:6"
"axi-c8-relic","Axi","C8","Axi C8 Relic","0","0","Intact|Exceptional|Flawless|Radiant","Intact:6|Exceptional:6|Flawless:6|Radiant:6"
"axi-c9-relic","Axi","C9","Axi C9 Relic","0","0","Intact|Exceptional|Flawless|Radiant","Intact:6|Exceptional:6|Flawless:6|Radiant:6"
"axi-c10-relic","Axi","C10","Axi C10 Relic","0","0","Intact|Exceptional|Flawless|Radiant","Intact:6|Exceptional:6|Flawless:6|Radiant:6"
"axi-d1-relic","Axi","D1","Axi D1 Relic","0","0","Intact|Exceptional|Flawless|Radiant","Intact:6|Exceptional:6|Flawless:6|Radiant:6"
"axi-d2-relic","Axi","D2","Axi D2 Relic","0","0","Intact|Exceptional|Flawless|Radiant","Intact:6|Exceptional:6|Flawless:6|Radiant:6"
"axi-d3-relic","Axi","D3","Axi D3 Relic","0","0","Intact|Exceptional|Flawless|Radiant","Intact:6|Exceptional:6|Flawless:6|Radiant:6"
"axi-d4-relic","Axi","D4","Axi D4 Relic","0","0","Intact|Exceptional|Flawless|Radiant","Intact:6|Exceptional:6|Flawless:6|Radiant:6"
"axi-d5-relic","Axi","D5","Axi D5 Relic","0","0","Intact|Exceptional|Flawless|Radiant","Intact:6|Exceptional:6|Flawless:6|Radiant:6"
"axi-e1-relic","Axi","E1","Axi E1 Relic","0","0","Intact|Exceptional|Flawless|Radiant","Intact:6|Exceptional:6|Flawless:6|Radiant:6"
"axi-e2-relic","Axi","E2","Axi E2 Relic","0","0","Intact|Exceptional|Flawless|Radiant","Intact:6|Exceptional:6|Flawless:6|Radiant:6"
"axi-f1-relic","Axi","F1","Axi F1 Relic","0","0","Intact|Exceptional|Flawless|Radiant","Intact:6|Exceptional:6|Flawless:6|Radiant:6"
"axi-f2-relic","Axi","F2","Axi F2 Relic","0","0","Intact|Exceptional|Flawless|Radiant","Intact:6|Exceptional:6|Flawless:6|Radiant:6"
"axi-f3-relic","Axi","F3","Axi F3 Relic","0","0","Intact|Exceptional|Flawless|Radiant","Intact:6|Exceptional:6|Flawless:6|Radiant:6"
"axi-g1-relic","Axi","G1","Axi G1 Relic","0","0","Intact|Exceptional|Flawless|Radiant","Intact:6|Exceptional:6|Flawless:6|Radiant:6"
"axi-g2-relic","Axi","G2","Axi G2 Relic","0","0","Intact|Exceptional|Flawless|Radiant","Intact:6|Exceptional:6|Flawless:6|Radiant:6"
"axi-g3-relic","Axi","G3","Axi G3 Relic","0","0","Intact|Exceptional|Flawless|Radiant","Intact:6|Exceptional:6|Flawless:6|Radiant:6"
"axi-g4-relic","Axi","G4","Axi G4 Relic","0","0","Intact|Exceptional|Flawless|Radiant","Intact:6|Exceptional:6|Flawless:6|Radiant:6"
"axi-g5-relic","Axi","G5","Axi G5 Relic","0","0","Intact|Exceptional|Flawless|Radiant","Intact:6|Exceptional:6|Flawless:6|Radiant:6"
"axi-g6-relic","Axi","G6","Axi G6 Relic","0","0","Intact|Exceptional|Flawless|Radiant","Intact:6|Exceptional:6|Flawless:6|Radiant:6"
"axi-g7-relic","Axi","G7","Axi G7 Relic","0","0","Intact|Exceptional|Flawless|Radiant","Intact:6|Exceptional:6|Flawless:6|Radiant:6"
"axi-g8-relic","Axi","G8","Axi G8 Relic","0","0","Intact|Exceptional|Flawless|Radiant","Intact:6|Exceptional:6|Flawless:6|Radiant:6"
"axi-g9-relic","Axi","G9","Axi G9 Relic","0","0","Intact|Exceptional|Flawless|Radiant","Intact:6|Exceptional:6|Flawless:6|Radiant:6"
"axi-g10-relic","Axi","G10","Axi G10 Relic","0","0","Intact|Exceptional|Flawless|Radiant","Intact:6|Exceptional:6|Flawless:6|Radiant:6"
"axi-g11-relic","Axi","G11","Axi G11 Relic","0","0","Intact|Exceptional|Flawless|Radiant","Intact:6|Exceptional:6|Flawless:6|Radiant:6"
"axi-g12-relic","Axi","G12","Axi G12 Relic","0","0","Intact|Exceptional|Flawless|Radiant","Intact:6|Exceptional:6|Flawless:6|Radiant:6"
"axi-g13-relic","Axi","G13","Axi G13 Relic","0","0","Intact|Exceptional|Flawless|Radiant","Intact:6|Exceptional:6|Flawless:6|Radiant:6"
"axi-g14-relic","Axi","G14","Axi G14 Relic","0","0","Intact|Exceptional|Flawless|Radiant","Intact:6|Exceptional:6|Flawless:6|Radiant:6"
"axi-h1-relic","Axi","H1","Axi H1 Relic","0","0","Intact|Exceptional|Flawless|Radiant","Intact:6|Exceptional:6|Flawless:6|Radiant:6"
"axi-h2-relic","Axi","H2","Axi H2 Relic","0","0","Intact|Exceptional|Flawless|Radiant","Intact:6|Exceptional:6|Flawless:6|Radiant:6"
"axi-h3-relic","Axi","H3","Axi H3 Relic","0","0","Intact|Exceptional|Flawless|Radiant","Intact:6|Exceptional:6|Flawless:6|Radiant:6"
"axi-h4-relic","Axi","H4","Axi H4 Relic","0","0","Intact|Exceptional|Flawless|Radiant","Intact:6|Exceptional:6|Flawless:6|Radiant:6"
"axi-h5-relic","Axi","H5","Axi H5 Relic","0","0","Intact|Exceptional|Flawless|Radiant","Intact:6|Exceptional:6|Flawless:6|Radiant:6"
"axi-h6-relic","Axi","H6","Axi H6 Relic","0","0","Intact|Exceptional|Flawless|Radiant","Intact:6|Exceptional:6|Flawless:6|Radiant:6"
"axi-h7-relic","Axi","H7","Axi H7 Relic","0","0","Intact|Exceptional|Flawless|Radiant","Intact:6|Exceptional:6|Flawless:6|Radiant:6"
"axi-h8-relic","Axi","H8","Axi H8 Relic","0","0","Intact|Exceptional|Flawless|Radiant","Intact:6|Exceptional:6|Flawless:6|Radiant:6"
"axi-i1-relic","Axi","I1","Axi I1 Relic","0","0","Intact|Exceptional|Flawless|Radiant","Intact:6|Exceptional:6|Flawless:6|Radiant:6"
"axi-i2-relic","Axi","I2","Axi I2 Relic","0","0","Intact|Exceptional|Flawless|Radiant","Intact:6|Exceptional:6|Flawless:6|Radiant:6"
"axi-i3-relic","Axi","I3","Axi I3 Relic","0","0","Intact|Exceptional|Flawless|Radiant","Intact:6|Exceptional:6|Flawless:6|Radiant:6"
"axi-k1-relic","Axi","K1","Axi K1 Relic","0","0","Intact|Exceptional|Flawless|Radiant","Intact:6|Exceptional:6|Flawless:6|Radiant:6"
"axi-k2-relic","Axi","K2","Axi K2 Relic","0","0","Intact|Exceptional|Flawless|Radiant","Intact:6|Exceptional:6|Flawless:6|Radiant:6"
"axi-k3-relic","Axi","K3","Axi K3 Relic","0","0","Intact|Exceptional|Flawless|Radiant","Intact:6|Exceptional:6|Flawless:6|Radiant:6"
"axi-k4-relic","Axi","K4","Axi K4 Relic","0","0","Intact|Exceptional|Flawless|Radiant","Intact:6|Exceptional:6|Flawless:6|Radiant:6"
"axi-k5-relic","Axi","K5","Axi K5 Relic","0","0","Intact|Exceptional|Flawless|Radiant","Intact:6|Exceptional:6|Flawless:6|Radiant:6"
"axi-k6-relic","Axi","K6","Axi K6 Relic","0","0","Intact|Exceptional|Flawless|Radiant","Intact:6|Exceptional:6|Flawless:6|Radiant:6"
"axi-k7-relic","Axi","K7","Axi K7 Relic","0","0","Intact|Exceptional|Flawless|Radiant","Intact:6|Exceptional:6|Flawless:6|Radiant:6"
"axi-k8-relic","Axi","K8","Axi K8 Relic","0","0","Intact|Exceptional|Flawless|Radiant","Intact:6|Exceptional:6|Flawless:6|Radiant:6"
"axi-k9-relic","Axi","K9","Axi K9 Relic","0","0","Intact|Exceptional|Flawless|Radiant","Intact:6|Exceptional:6|Flawless:6|Radiant:6"
"axi-k10-relic","Axi","K10","Axi K10 Relic","0","0","Intact|Exceptional|Flawless|Radiant","Intact:6|Exceptional:6|Flawless:6|Radiant:6"
"axi-k11-relic","Axi","K11","Axi K11 Relic","0","0","Intact|Exceptional|Flawless|Radiant","Intact:6|Exceptional:6|Flawless:6|Radiant:6"
"axi-k12-relic","Axi","K12","Axi K12 Relic","0","0","Intact|Exceptional|Flawless|Radiant","Intact:6|Exceptional:6|Flawless:6|Radiant:6"
"axi-l1-relic","Axi","L1","Axi L1 Relic","0","0","Intact|Exceptional|Flawless|Radiant","Intact:6|Exceptional:6|Flawless:6|Radiant:6"
"axi-l2-relic","Axi","L2","Axi L2 Relic","0","0","Intact|Exceptional|Flawless|Radiant","Intact:6|Exceptional:6|Flawless:6|Radiant:6"
"axi-l3-relic","Axi","L3","Axi L3 Relic","0","0","Intact|Exceptional|Flawless|Radiant","Intact:6|Exceptional:6|Flawless:6|Radiant:6"
"axi-l4-relic","Axi","L4","Axi L4 Relic","0","0","Intact|Exceptional|Flawless|Radiant","Intact:6|Exceptional:6|Flawless:6|Radiant:6"
"axi-l5-relic","Axi","L5","Axi L5 Relic","0","0","Intact|Exceptional|Flawless|Radiant","Intact:6|Exceptional:6|Flawless:6|Radiant:6"
"axi-l6-relic","Axi","L6","Axi L6 Relic","0","0","Intact|Exceptional|Flawless|Radiant","Intact:6|Exceptional:6|Flawless:6|Radiant:6"
"axi-m1-relic","Axi","M1","Axi M1 Relic","0","0","Intact|Exceptional|Flawless|Radiant","Intact:6|Exceptional:6|Flawless:6|Radiant:6"
"axi-m2-relic","Axi","M2","Axi M2 Relic","0","0","Intact|Exceptional|Flawless|Radiant","Intact:6|Exceptional:6|Flawless:6|Radiant:6"
"axi-m3-relic","Axi","M3","Axi M3 Relic","0","0","Intact|Exceptional|Flawless|Radiant","Intact:6|Exceptional:6|Flawless:6|Radiant:6"
"axi-m4-relic","Axi","M4","Axi M4 Relic","0","0","Intact|Exceptional|Flawless|Radiant","Intact:6|Exceptional:6|Flawless:6|Radiant:6"
"axi-m5-relic","Axi","M5","Axi M5 Relic","0","0","Intact|Exceptional|Flawless|Radiant","Intact:6|Exceptional:6|Flawless:6|Radiant:6"
"axi-m6-relic","Axi","M6","Axi M6 Relic","0","0","Intact|Exceptional|Flawless|Radiant","Intact:6|Exceptional:6|Flawless:6|Radiant:6"
"axi-n1-relic","Axi","N1","Axi N1 Relic","0","0","Intact|Exceptional|Flawless|Radiant","Intact:6|Exceptional:6|Flawless:6|Radiant:6"
"axi-n2-relic","Axi","N2","Axi N2 Relic","0","0","Intact|Exceptional|Flawless|Radiant","Intact:6|Exceptional:6|Flawless:6|Radiant:6"
"axi-n3-relic","Axi","N3","Axi N3 Relic","0","0","Intact|Exceptional|Flawless|Radiant","Intact:6|Exceptional:6|Flawless:6|Radiant:6"
"axi-n4-relic","Axi","N4","Axi N4 Relic","0","0","Intact|Exceptional|Flawless|Radiant","Intact:6|Exceptional:6|Flawless:6|Radiant:6"
"axi-n5-relic","Axi","N5","Axi N5 Relic","0","0","Intact|Exceptional|Flawless|Radiant","Intact:6|Exceptional:6|Flawless:6|Radiant:6"
"axi-n6-relic","Axi","N6","Axi N6 Relic","0","0","Intact|Exceptional|Flawless|Radiant","Intact:6|Exceptional:6|Flawless:6|Radiant:6"
"axi-n7-relic","Axi","N7","Axi N7 Relic","0","0","Intact|Exceptional|Flawless|Radiant","Intact:6|Exceptional:6|Flawless:6|Radiant:6"
"axi-n8-relic","Axi","N8","Axi N8 Relic","0","0","Intact|Exceptional|Flawless|Radiant","Intact:6|Exceptional:6|Flawless:6|Radiant:6"
"axi-n9-relic","Axi","N9","Axi N9 Relic","0","0","Intact|Exceptional|Flawless|Radiant","Intact:6|Exceptional:6|Flawless:6|Radiant:6"
"axi-n10-relic","Axi","N10","Axi N10 Relic","0","0","Intact|Exceptional|Flawless|Radiant","Intact:6|Exceptional:6|Flawless:6|Radiant:6"
"axi-n11-relic","Axi","N11","Axi N11 Relic","0","0","Intact|Exceptional|Flawless|Radiant","Intact:6|Exceptional:6|Flawless:6|Radiant:6"
"axi-n12-relic","Axi","N12","Axi N12 Relic","0","0","Intact|Exceptional|Flawless|Radiant","Intact:6|Exceptional:6|Flawless:6|Radiant:6"
"axi-n13-relic","Axi","N13","Axi N13 Relic","0","0","Intact|Exceptional|Flawless|Radiant","Intact:6|Exceptional:6|Flawless:6|Radiant:6"
"axi-o1-relic","Axi","O1","Axi O1 Relic","0","0","Intact|Exceptional|Flawless|Radiant","Intact:6|Exceptional:6|Flawless:6|Radiant:6"
"axi-o2-relic","Axi","O2","Axi O2 Relic","0","0","Intact|Exceptional|Flawless|Radiant","Intact:6|Exceptional:6|Flawless:6|Radiant:6"
"axi-o3-relic","Axi","O3","Axi O3 Relic","0","0","Intact|Exceptional|Flawless|Radiant","Intact:6|Exceptional:6|Flawless:6|Radiant:6"
"axi-o4-relic","Axi","O4","Axi O4 Relic","0","0","Intact|Exceptional|Flawless|Radiant","Intact:6|Exceptional:6|Flawless:6|Radiant:6"
"axi-o5-relic","Axi","O5","Axi O5 Relic","0","0","Intact|Exceptional|Flawless|Radiant","Intact:6|Exceptional:6|Flawless:6|Radiant:6"
"axi-o6-relic","Axi","O6","Axi O6 Relic","0","0","Intact|Exceptional|Flawless|Radiant","Intact:6|Exceptional:6|Flawless:6|Radiant:6"
"axi-p1-relic","Axi","P1","Axi P1 Relic","0","0","Intact|Exceptional|Flawless|Radiant","Intact:6|Exceptional:6|Flawless:6|Radiant:6"
"axi-p2-relic","Axi","P2","Axi P2 Relic","0","0","Intact|Exceptional|Flawless|Radiant","Intact:6|Exceptional:6|Flawless:6|Radiant:6"
"axi-p3-relic","Axi","P3","Axi P3 Relic","0","0","Intact|Exceptional|Flawless|Radiant","Intact:6|Exceptional:6|Flawless:6|Radiant:6"
"axi-p4-relic","Axi","P4","Axi P4 Relic","0","0","Intact|Exceptional|Flawless|Radiant","Intact:6|Exceptional:6|Flawless:6|Radiant:6"
"axi-p5-relic","Axi","P5","Axi P5 Relic","0","0","Intact|Exceptional|Flawless|Radiant","Intact:6|Exceptional:6|Flawless:6|Radiant:6"
"axi-p6-relic","Axi","P6","Axi P6 Relic","0","0","Intact|Exceptional|Flawless|Radiant","Intact:6|Exceptional:6|Flawless:6|Radiant:6"
"axi-p7-relic","Axi","P7","Axi P7 Relic","0","0","Intact|Exceptional|Flawless|Radiant","Intact:6|Exceptional:6|Flawless:6|Radiant:6"
"axi-p8-relic","Axi","P8","Axi P8 Relic","0","0","Intact|Exceptional|Flawless|Radiant","Intact:6|Exceptional:6|Flawless:6|Radiant:6"
"axi-p9-relic","Axi","P9","Axi P9 Relic","0","0","Intact|Exceptional|Flawless|Radiant","Intact:6|Exceptional:6|Flawless:6|Radiant:6"
"axi-r1-relic","Axi","R1","Axi R1 Relic","0","0","Intact|Exceptional|Flawless|Radiant","Intact:6|Exceptional:6|Flawless:6|Radiant:6"
"axi-r2-relic","Axi","R2","Axi R2 Relic","0","0","Intact|Exceptional|Flawless|Radiant","Intact:6|Exceptional:6|Flawless:6|Radiant:6"
"axi-r3-relic","Axi","R3","Axi R3 Relic","0","0","Intact|Exceptional|Flawless|Radiant","Intact:6|Exceptional:6|Flawless:6|Radiant:6"
"axi-r4-relic","Axi","R4","Axi R4 Relic","0","0","Intact|Exceptional|Flawless|Radiant","Intact:6|Exceptional:6|Flawless:6|Radiant:6"
"axi-s1-relic","Axi","S1","Axi S1 Relic","0","0","Intact|Exceptional|Flawless|Radiant","Intact:6|Exceptional:6|Flawless:6|Radiant:6"
"axi-s2-relic","Axi","S2","Axi S2 Relic","0","0","Intact|Exceptional|Flawless|Radiant","Intact:6|Exceptional:6|Flawless:6|Radiant:6"
"axi-s3-relic","Axi","S3","Axi S3 Relic","0","0","Intact|Exceptional|Flawless|Radiant","Intact:6|Exceptional:6|Flawless:6|Radiant:6"
"axi-s4-relic","Axi","S4","Axi S4 Relic","0","0","Intact|Exceptional|Flawless|Radiant","Intact:6|Exceptional:6|Flawless:6|Radiant:6"
"axi-s5-relic","Axi","S5","Axi S5 Relic","0","0","Intact|Exceptional|Flawless|Radiant","Intact:6|Exceptional:6|Flawless:6|Radiant:6"
"axi-s6-relic","Axi","S6","Axi S6 Relic","0","0","Intact|Exceptional|Flawless|Radiant","Intact:6|Exceptional:6|Flawless:6|Radiant:6"
"axi-s7-relic","Axi","S7","Axi S7 Relic","0","0","Intact|Exceptional|Flawless|Radiant","Intact:6|Exceptional:6|Flawless:6|Radiant:6"
"axi-s8-relic","Axi","S8","Axi S8 Relic","0","0","Intact|Exceptional|Flawless|Radiant","Intact:6|Exceptional:6|Flawless:6|Radiant:6"
"axi-s9-relic","Axi","S9","Axi S9 Relic","0","0","Intact|Exceptional|Flawless|Radiant","Intact:6|Exceptional:6|Flawless:6|Radiant:6"
"axi-s10-relic","Axi","S10","Axi S10 Relic","0","0","Intact|Exceptional|Flawless|Radiant","Intact:6|Exceptional:6|Flawless:6|Radiant:6"
"axi-s11-relic","Axi","S11","Axi S11 Relic","0","0","Intact|Exceptional|Flawless|Radiant","Intact:6|Exceptional:6|Flawless:6|Radiant:6"
"axi-s12-relic","Axi","S12","Axi S12 Relic","0","0","Intact|Exceptional|Flawless|Radiant","Intact:6|Exceptional:6|Flawless:6|Radiant:6"
"axi-s13-relic","Axi","S13","Axi S13 Relic","0","0","Intact|Exceptional|Flawless|Radiant","Intact:6|Exceptional:6|Flawless:6|Radiant:6"
"axi-s14-relic","Axi","S14","Axi S14 Relic","0","0","Intact|Exceptional|Flawless|Radiant","Intact:6|Exceptional:6|Flawless:6|Radiant:6"
"axi-s15-relic","Axi","S15","Axi S15 Relic","0","0","Intact|Exceptional|Flawless|Radiant","Intact:6|Exceptional:6|Flawless:6|Radiant:6"
"axi-s16-relic","Axi","S16","Axi S16 Relic","0","0","Intact|Exceptional|Flawless|Radiant","Intact:6|Exceptional:6|Flawless:6|Radiant:6"
"axi-s17-relic","Axi","S17","Axi S17 Relic","0","0","Intact|Exceptional|Flawless|Radiant","Intact:6|Exceptional:6|Flawless:6|Radiant:6"
"axi-s18-relic","Axi","S18","Axi S18 Relic","0","0","Intact|Exceptional|Flawless|Radiant","Intact:6|Exceptional:6|Flawless:6|Radiant:6"
"axi-t1-relic","Axi","T1","Axi T1 Relic","0","0","Intact|Exceptional|Flawless|Radiant","Intact:6|Exceptional:6|Flawless:6|Radiant:6"
"axi-t2-relic","Axi","T2","Axi T2 Relic","0","0","Intact|Exceptional|Flawless|Radiant","Intact:6|Exceptional:6|Flawless:6|Radiant:6"
"axi-t3-relic","Axi","T3","Axi T3 Relic","0","0","Intact|Exceptional|Flawless|Radiant","Intact:6|Exceptional:6|Flawless:6|Radiant:6"
"axi-t4-relic","Axi","T4","Axi T4 Relic","0","0","Intact|Exceptional|Flawless|Radiant","Intact:6|Exceptional:6|Flawless:6|Radiant:6"
"axi-t5-relic","Axi","T5","Axi T5 Relic","0","0","Intact|Exceptional|Flawless|Radiant","Intact:6|Exceptional:6|Flawless:6|Radiant:6"
"axi-t6-relic","Axi","T6","Axi T6 Relic","0","0","Intact|Exceptional|Flawless|Radiant","Intact:6|Exceptional:6|Flawless:6|Radiant:6"
"axi-t7-relic","Axi","T7","Axi T7 Relic","0","0","Intact|Exceptional|Flawless|Radiant","Intact:6|Exceptional:6|Flawless:6|Radiant:6"
"axi-t8-relic","Axi","T8","Axi T8 Relic","0","0","Intact|Exceptional|Flawless|Radiant","Intact:6|Exceptional:6|Flawless:6|Radiant:6"
"axi-t9-relic","Axi","T9","Axi T9 Relic","0","0","Intact|Exceptional|Flawless|Radiant","Intact:6|Exceptional:6|Flawless:6|Radiant:6"
"axi-t10-relic","Axi","T10","Axi T10 Relic","0","0","Intact|Exceptional|Flawless|Radiant","Intact:6|Exceptional:6|Flawless:6|Radiant:6"
"axi-t11-relic","Axi","T11","Axi T11 Relic","0","0","Intact|Exceptional|Flawless|Radiant","Intact:6|Exceptional:6|Flawless:6|Radiant:6"
"axi-t12-relic","Axi","T12","Axi T12 Relic","0","0","Intact|Exceptional|Flawless|Radiant","Intact:6|Exceptional:6|Flawless:6|Radiant:6"
"axi-v1-relic","Axi","V1","Axi V1 Relic","0","0","Intact|Exceptional|Flawless|Radiant","Intact:6|Exceptional:6|Flawless:6|Radiant:6"
"axi-v2-relic","Axi","V2","Axi V2 Relic","0","0","Intact|Exceptional|Flawless|Radiant","Intact:6|Exceptional:6|Flawless:6|Radiant:6"
"axi-v3-relic","Axi","V3","Axi V3 Relic","0","0","Intact|Exceptional|Flawless|Radiant","Intact:6|Exceptional:6|Flawless:6|Radiant:6"
"axi-v4-relic","Axi","V4","Axi V4 Relic","0","0","Intact|Exceptional|Flawless|Radiant","Intact:6|Exceptional:6|Flawless:6|Radiant:6"
"axi-v5-relic","Axi","V5","Axi V5 Relic","0","0","Intact|Exceptional|Flawless|Radiant","Intact:6|Exceptional:6|Flawless:6|Radiant:6"
"axi-v6-relic","Axi","V6","Axi V6 Relic","0","0","Intact|Exceptional|Flawless|Radiant","Intact:6|Exceptional:6|Flawless:6|Radiant:6"
"axi-v7-relic","Axi","V7","Axi V7 Relic","0","0","Intact|Exceptional|Flawless|Radiant","Intact:6|Exceptional:6|Flawless:6|Radiant:6"
"axi-v8-relic","Axi","V8","Axi V8 Relic","0","0","Intact|Exceptional|Flawless|Radiant","Intact:6|Exceptional:6|Flawless:6|Radiant:6"
"axi-v9-relic","Axi","V9","Axi V9 Relic","0","0","Intact|Exceptional|Flawless|Radiant","Intact:6|Exceptional:6|Flawless:6|Radiant:6"
"axi-v10-relic","Axi","V10","Axi V10 Relic","0","0","Intact|Exceptional|Flawless|Radiant","Intact:6|Exceptional:6|Flawless:6|Radiant:6"
"axi-v11-relic","Axi","V11","Axi V11 Relic","0","0","Intact|Exceptional|Flawless|Radiant","Intact:6|Exceptional:6|Flawless:6|Radiant:6"
"axi-v12-relic","Axi","V12","Axi V12 Relic","0","0","Intact|Exceptional|Flawless|Radiant","Intact:6|Exceptional:6|Flawless:6|Radiant:6"
"axi-v13-relic","Axi","V13","Axi V13 Relic","0","0","Intact|Exceptional|Flawless|Radiant","Intact:6|Exceptional:6|Flawless:6|Radiant:6"
"axi-w1-relic","Axi","W1","Axi W1 Relic","0","0","Intact|Exceptional|Flawless|Radiant","Intact:6|Exceptional:6|Flawless:6|Radiant:6"
"axi-w2-relic","Axi","W2","Axi W2 Relic","0","0","Intact|Exceptional|Flawless|Radiant","Intact:6|Exceptional:6|Flawless:6|Radiant:6"
"axi-w3-relic","Axi","W3","Axi W3 Relic","0","0","Intact|Exceptional|Flawless|Radiant","Intact:6|Exceptional:6|Flawless:6|Radiant:6"
"axi-y1-relic","Axi","Y1","Axi Y1 Relic","0","0","Intact|Exceptional|Flawless|Radiant","Intact:6|Exceptional:6|Flawless:6|Radiant:6"
"axi-y2-relic","Axi","Y2","Axi Y2 Relic","0","1","Intact|Exceptional|Flawless|Radiant","Intact:6|Exceptional:6|Flawless:6|Radiant:6"
"axi-z1-relic","Axi","Z1","Axi Z1 Relic","0","0","Intact|Exceptional|Flawless|Radiant","Intact:6|Exceptional:6|Flawless:6|Radiant:6"
"axi-z2-relic","Axi","Z2","Axi Z2 Relic","0","0","Intact|Exceptional|Flawless|Radiant","Intact:6|Exceptional:6|Flawless:6|Radiant:6"
"requiem-i-relic","Requiem","I","Requiem I Relic","1","0","Intact|Exceptional|Flawless|Radiant","Intact:6|Exceptional:6|Flawless:6|Radiant:6"
"requiem-ii-relic","Requiem","II","Requiem II Relic","1","0","Intact|Exceptional|Flawless|Radiant","Intact:6|Exceptional:6|Flawless:6|Radiant:6"
"requiem-iii-relic","Requiem","III","Requiem III Relic","1","0","Intact|Exceptional|Flawless|Radiant","Intact:6|Exceptional:6|Flawless:6|Radiant:6"
"requiem-iv-relic","Requiem","IV","Requiem IV Relic","1","0","Intact|Exceptional|Flawless|Radiant","Intact:6|Exceptional:6|Flawless:6|Radiant:6"